	GLOBAL UNIQUE IDENTIFIER	LAST EDITED DATE	TAXONOMIC ORDER	CATEGORY	COMMON NAME	SCIENTIFIC NAME	SUBSPECIES COMMON NAME	SUBSPECIES SCIENTIFIC NAME	OBSERVATION COUNT	BREEDING BIRD ATLAS CODE	BREEDING BIRD ATLAS CATEGORY	AGE/SEX	COUNTRY	COUNTRY CODE	STATE	STATE CODE	COUNTY	COUNTY CODE	IBA CODE	BCR CODE	USFWS CODE	ATLAS BLOCK	LOCALITY	LOCALITY ID	LOCALITY TYPE	LATITUDE	LONGITUDE	OBSERVATION DATE	TIME OBSERVATIONS STARTED	OBSERVER ID	SAMPLING EVENT IDENTIFIER	PROTOCOL TYPE	PROTOCOL CODE	PROJECT CODE	DURATION MINUTES	EFFORT DISTANCE KM	EFFORT AREA HA	NUMBER OBSERVERS	ALL SPECIES REPORTED	GROUP IDENTIFIER	HAS MEDIA	APPROVED	REVIEWED	REASON	TRIP COMMENTS	SPECIES COMMENTS	Unnamed: 46
1	URN:CornellLabOfOrnithology:EBIRD:OBS696080760	2019-01-11 10:45:47.0	409	species	Garganey	Spatula querquedula			10000				India	IN	Kerala	IN-KL	Alappuzha	IN-KL-AL					Pothuvoor Temple Road, Mannar, Kerala, IN (9.31, 76.524)	L8395623	P	9.3101097	76.5239604	2019-01-08	15:33:00	obsr447431	S51482921	Traveling	P22	EBIRD_IND	121.0	6.05		2	1		0	0	0			Block method counting	
2	URN:CornellLabOfOrnithology:EBIRD:OBS700477964	2019-02-05 11:43:28.0	6914	species	Great Cormorant	Phalacrocorax carbo			1	N 	C3		India	IN	Kerala	IN-KL	Alappuzha	IN-KL-AL					State Highway 40, Thanneermukkom, Kerala, IN (9.677, 76.393)	L8460811	P	9.6765883	76.393065	2019-01-20	06:13:00	obsr447431	S51851836	Traveling	P22	EBIRD	244.0	0.998		3	1	G3778629	0	0	0			Seen	
4	URN:CornellLabOfOrnithology:EBIRD:OBS702552997	2019-01-25 10:56:08.0	6397	species	Whiskered Tern	Chlidonias hybrida			10000				India	IN	Kerala	IN-KL	Alappuzha	IN-KL-AL					Unnamed Road, Kodamthuruth, Kerala, IN (9.797, 76.296)	L8460377	P	9.7967084	76.2955805	2019-01-20	07:30:00	obsr823368	S52020843	Traveling	P22	EBIRD_IND	30.0	0.23		2	1	G3794405	0	0	0			uncountable numbers of terns	
8	URN:CornellLabOfOrnithology:EBIRD:OBS695915526	2019-02-07 09:19:16.0	26477	species	Asian Fairy-bluebird	Irena puella			10				India	IN	Kerala	IN-KL	Ernakulam	IN-KL-ER					Thattekkad--Salim Ali Bird Sanctuary	L6363033	H	10.1312119	76.6871157	2019-01-04	06:30:00	obsr680862	S51469504	Traveling	P22	EBIRD_IND	660.0	10.0		5	1	G3835576	0	0	0				
11	URN:CornellLabOfOrnithology:EBIRD:OBS701041204	2019-01-22 06:23:22.0	3271	species	Fork-tailed Drongo-Cuckoo	Surniculus dicruroides			2				India	IN	Kerala	IN-KL	Ernakulam	IN-KL-ER					Kalamassery--HMT Estate Area	L2678116	H	10.0517898	76.33937	2019-01-20	07:13:00	obsr527144	S51894817	Traveling	P22	EBIRD	145.0	2.6		4	1	G3783244	1	0	0			seen two different locations	
18	URN:CornellLabOfOrnithology:EBIRD:OBS693584897	2019-01-13 01:42:08.0	9302	species	Black-backed Dwarf-Kingfisher	Ceyx erithaca			1				India	IN	Kerala	IN-KL	Ernakulam	IN-KL-ER					Thattekad--Soma Birds Lagoon	L3648178	H	10.097673599999998	76.7158967	2019-01-04	15:41:00	obsr188371	S51297507	Traveling	P22	EBIRD	381.0	8.0		3	1	G3721034	1	0	0			Photos	
20	URN:CornellLabOfOrnithology:EBIRD:OBS704570718	2019-01-29 22:43:50.0	9302	species	Black-backed Dwarf-Kingfisher	Ceyx erithaca			1				India	IN	Kerala	IN-KL	Ernakulam	IN-KL-ER					Neriamangalam(Sub Cell- 58,21,7)	L4881775	H	10.058424	76.7576873	2019-01-18	09:00:00	obsr1202646	S52193099	Traveling	P22	EBIRD	180.0	2.0		10	1	G3812405	1	0	0			single member of the species was seen..identified by typical physical appearance	
22	URN:CornellLabOfOrnithology:EBIRD:OBS696471595	2019-01-10 01:07:13.0	9302	species	Black-backed Dwarf-Kingfisher	Ceyx erithaca			1				India	IN	Kerala	IN-KL	Ernakulam	IN-KL-ER					Kerala, IN (10.103, 76.701)	L8400571	P	10.102936099999999	76.7011983	2019-01-06	15:30:00	obsr973438	S51515173	Traveling	P22	EBIRD_IND	220.0	6.0		5	1	G3744548	0	0	0			Seen in the Jungle	
39	URN:CornellLabOfOrnithology:EBIRD:OBS698976433	2019-01-16 09:44:56.0	23901	species	Booted Warbler	Iduna caligata			1				India	IN	Kerala	IN-KL	Ernakulam	IN-KL-ER					Kadamakkudy	L5004724	H	10.064858000000001	76.252261	2019-01-13	07:25:00	obsr668448	S51653198	Traveling	P22	EBIRD_IND	216.0	4.55		15	1	G3755479	1	0	0				
43	URN:CornellLabOfOrnithology:EBIRD:OBS703920271	2019-01-28 10:13:57.0	23901	species	Booted Warbler	Iduna caligata			1				India	IN	Kerala	IN-KL	Ernakulam	IN-KL-ER					Kadamakudy Road, Ernakulam, Kerala, IN (10.064, 76.255)	L8270785	P	10.0640668	76.25523050000001	2019-01-27	07:10:00	obsr823368	S52131385	Traveling	P22	EBIRD_IND	45.0	2.0		4	1	G3807028	0	0	0			Identified with the help of filed book	
45	URN:CornellLabOfOrnithology:EBIRD:OBS700630321	2019-01-21 00:23:46.0	7823	species	Brahminy Kite	Haliastur indus			61				India	IN	Kerala	IN-KL	Ernakulam	IN-KL-ER					Puthuvype Beach - Valappu Road, Vypin, Kerala, IN (10.007, 76.218)	L6422299	P	10.0067417	76.21817	2019-01-20	10:18:00	obsr556980	S51863711	Traveling	P22	EBIRD	120.0	4.21		2	1	G3782438	0	0	0		AWC count at 4 points along a 4km stretch at Puthuvype on Vypeen Island, Cochin. --Salt water marshes and seafront. 40-50% coverage. --Human activity, LNG terminal,  garbage and traffic are disturbance and threat for the birds. 	Soaring in large groups	
60	URN:CornellLabOfOrnithology:EBIRD:OBS704545821	2019-02-02 08:33:40.0	6391	species	Caspian Tern	Hydroprogne caspia			1				India	IN	Kerala	IN-KL	Ernakulam	IN-KL-ER					Kochi--Kandakkadavu Wetland	L2639131	H	9.861369999999999	76.27773	2019-01-29	16:05:00	obsr809396	S52191217	Traveling	P22	EBIRD	50.0	0.966		2	1	G3812120	0	0	0			Single bird with gulls	
62	URN:CornellLabOfOrnithology:EBIRD:OBS697264510	2019-01-12 22:04:58.0	6391	species	Caspian Tern	Hydroprogne caspia			1				India	IN	Kerala	IN-KL	Ernakulam	IN-KL-ER					Kochi--Kandakkadavu Wetland	L2639131	H	9.861369999999999	76.27773	2019-01-12	16:42:00	obsr527144	S51585812	Traveling	P22	EBIRD	92.0	0.95		2	1	G3751138	1	0	0			Photographed	
68	URN:CornellLabOfOrnithology:EBIRD:OBS694494370	2019-01-06 10:48:38.0	3089	species	Chestnut-winged Cuckoo	Clamator coromandus			1				India	IN	Kerala	IN-KL	Ernakulam	IN-KL-ER					(10.0976,76.7169)	L8365724	P	10.097632	76.71691700000001	2019-01-06	06:45:00	obsr1159040	S51370516	Incidental	P20	EBIRD				2	0	G3728695	0	0	0		Casual birding around grounds of Hornbill Camp plus along narrow access road walking ca. 1 mike NW of camp along Periyar R.	Seen well in binoculars then in spotting scope. Perched on tree limb in overgrown teak plantation, adjacent to large pond. Very like Pied Cuckoo but with large chestnut panels in wings.	
70	URN:CornellLabOfOrnithology:EBIRD:OBS697224409	2019-01-17 08:30:26.0	29425	species	Citrine Wagtail	Motacilla citreola			1				India	IN	Kerala	IN-KL	Ernakulam	IN-KL-ER					Kadungamangalam Church Road, Thiruvankulam, Kerala, IN (9.938, 76.378)	L8412124	P	9.937628	76.37783320000001	2019-01-12	07:34:00	obsr823367	S51582386	Traveling	P22	EBIRD_IND	20.0	0.3		3	1	G3769550	0	0	0			It was identified by seeing it's specifications such as yellow color over the head. We had seen this bird on several times from Gujarat and photographed from there. So it was easy to identify the bird	
74	URN:CornellLabOfOrnithology:EBIRD:OBS705020493	2019-01-31 11:36:00.0	29425	species	Citrine Wagtail	Motacilla citreola			1				India	IN	Kerala	IN-KL	Ernakulam	IN-KL-ER					Kadungamangalam Church Road, Thiruvankulam, Kerala, IN (9.938, 76.378)	L8412124	P	9.937628	76.37783320000001	2019-01-27	13:30:00	obsr706334	S52231584	Traveling	P22	EBIRD_IND	35.0	3.219		3	1	G3815604	0	0	0			easily identified with the special feature of yellow color over the head portion, i have seen this bird in the same place many times and listed also	
75	URN:CornellLabOfOrnithology:EBIRD:OBS699746025	2019-01-18 10:32:30.0	29425	species	Citrine Wagtail	Motacilla citreola			1				India	IN	Kerala	IN-KL	Ernakulam	IN-KL-ER					Kadungamangalam Church Road, Thiruvankulam, Kerala, IN (9.938, 76.378)	L8412124	P	9.937628	76.37783320000001	2019-01-16	15:30:00	obsr823368	S51792647	Traveling	P22	EBIRD_IND	70.0	1.609		2	1	G3772626	0	0	0			identified with the help of field book and we have got this bird from the same place earlier	
78	URN:CornellLabOfOrnithology:EBIRD:OBS698180432	2019-01-16 09:39:37.0	29425	species	Citrine Wagtail	Motacilla citreola			2				India	IN	Kerala	IN-KL	Ernakulam	IN-KL-ER					Thiruvankulam--Kavaleeswaram (Paddy Field)	L3385882	H	9.9416101	76.3785276	2019-01-13	07:28:00	obsr845684	S51659713	Stationary	P21	EBIRD	15.0			5	1	G3759854	1	0	0			Photographed	
80	URN:CornellLabOfOrnithology:EBIRD:OBS698174105	2019-01-16 09:39:37.0	29425	species	Citrine Wagtail	Motacilla citreola			3				India	IN	Kerala	IN-KL	Ernakulam	IN-KL-ER					Thiruvankulam--Kavaleeswaram (Paddy Field)	L3385882	H	9.9416101	76.3785276	2019-01-13	07:58:00	obsr527144	S51659306	Stationary	P21	EBIRD	15.0			5	1	G3759878	0	0	0			PHOTOGRAPHED	
96	URN:CornellLabOfOrnithology:EBIRD:OBS698188838	2019-01-16 09:39:37.0	29407	issf	Western Yellow Wagtail	Motacilla flava	Western Yellow Wagtail (beema)	Motacilla flava beema	1				India	IN	Kerala	IN-KL	Ernakulam	IN-KL-ER					Thiruvankulam--Kavaleeswaram (Paddy Field)	L3385882	H	9.9416101	76.3785276	2019-01-13	08:58:00	obsr1196810	S51660224	Stationary	P21	EBIRD	15.0			5	1	G3759888	0	0	0				
103	URN:CornellLabOfOrnithology:EBIRD:OBS698344103	2019-01-14 12:49:33.0	2083	species	Asian Emerald Dove	Chalcophaps indica			10				India	IN	Kerala	IN-KL	Ernakulam	IN-KL-ER					Thattekad Bird Sanctuary	L7479727	P	10.129807199999998	76.68710229999999	2019-01-14	14:00:00	obsr1051711	S51673486	Traveling	P22	EBIRD	480.0	10.0		5	1	G3761271	0	0	0			seen a flock on the ground which flew away	
115	URN:CornellLabOfOrnithology:EBIRD:OBS692550401	2019-01-03 22:24:13.0	10859	species	Greater Flameback	Chrysocolaptes guttacristatus			5				India	IN	Kerala	IN-KL	Ernakulam	IN-KL-ER					Baza trail Thattekkad	L8348242	P	10.1281268	76.6887947	2019-01-02	07:00:00	obsr668105	S51204023	Traveling	P22	EBIRD	255.0	3.0		3	1	G3719506	0	0	0				
160	URN:CornellLabOfOrnithology:EBIRD:OBS697698270	2019-01-17 13:40:27.0	5822	species	Long-toed Stint	Calidris subminuta			1				India	IN	Kerala	IN-KL	Ernakulam	IN-KL-ER					Aluva--Karumalloor	L3086071	H	10.1319195	76.2873137	2019-01-06	08:49:00	obsr1001549	S51619987	Traveling	P22	EBIRD_IND	30.0	0.17		3	1	G3755484	1	0	0			Photo will attach	
165	URN:CornellLabOfOrnithology:EBIRD:OBS701666008	2019-01-29 22:44:04.0	1847	species	Nilgiri Wood-Pigeon	Columba elphinstonii			1				India	IN	Kerala	IN-KL	Ernakulam	IN-KL-ER					eldhose lodge	L8473482	P	10.116224699999998	76.673879	2019-01-18	07:00:00	obsr681470	S51949092	Traveling	P22	EBIRD	60.0	1.0		6	1	G3812410	1	0	0				
180	URN:CornellLabOfOrnithology:EBIRD:OBS697697954	2019-01-13 04:49:44.0	5910	species	Pin-tailed Snipe	Gallinago stenura			6				India	IN	Kerala	IN-KL	Ernakulam	IN-KL-ER					Aluva--Veliyathunadu	L4996926	H	10.1386577	76.32585970000001	2019-01-06	07:03:00	obsr1001549	S51619972	Traveling	P22	EBIRD_IND	86.0	1.16		3	1	G3755482	1	0	0			Individually counted	
209	URN:CornellLabOfOrnithology:EBIRD:OBS701679837	2019-01-29 22:43:49.0	20371	species	White-bellied Treepie	Dendrocitta leucogastra			10				India	IN	Kerala	IN-KL	Ernakulam	IN-KL-ER					Eldose birding camp	L8380086	H	10.1029268	76.7012	2019-01-19	14:30:00	obsr681470	S51950164	Stationary	P21	EBIRD	180.0			6	1	G3812404	1	0	0			observed the same number of the particular species near the spot..as it was the only water source available	
212	URN:CornellLabOfOrnithology:EBIRD:OBS703347378	2019-02-05 11:50:41.0	7577	species	White-eyed Buzzard	Butastur teesa			1				India	IN	Kerala	IN-KL	Ernakulam	IN-KL-ER					Ernakulam, Kerala, IN (9.91, 76.316)	L8503474	P	9.9096481	76.316298	2019-01-27	12:10:00	obsr823367	S52085083	Traveling	P22	EBIRD_IND	15.0	1.0		3	1	G3831201	1	0	0			Seen sitting on the pole. Identified as it has got specific identification of its whitish eyes. Photograph attached.	
215	URN:CornellLabOfOrnithology:EBIRD:OBS698188948	2019-01-16 09:39:37.0	29437	species	White Wagtail	Motacilla alba			6				India	IN	Kerala	IN-KL	Ernakulam	IN-KL-ER					Thiruvankulam--Kavaleeswaram (Paddy Field)	L3385882	H	9.9416101	76.3785276	2019-01-13	07:43:00	obsr1196810	S51660232	Stationary	P21	EBIRD	15.0			4	1	G3759865	0	0	0			COUNTED AND PHOTOGRAPHED	
216	URN:CornellLabOfOrnithology:EBIRD:OBS699306635	2019-01-17 02:24:58.0	29437	species	White Wagtail	Motacilla alba			7				India	IN	Kerala	IN-KL	Ernakulam	IN-KL-ER					Thiruvankulam--Kavaleeswaram (Paddy Field)	L3385882	H	9.9416101	76.3785276	2019-01-13	09:13:00	obsr509242	S51754844	Stationary	P21	EBIRD	15.0			3	1	G3759889	1	0	0			counted	
219	URN:CornellLabOfOrnithology:EBIRD:OBS699306639	2019-01-17 02:25:04.0	29437	species	White Wagtail	Motacilla alba			9				India	IN	Kerala	IN-KL	Ernakulam	IN-KL-ER					Thiruvankulam--Kavaleeswaram (Paddy Field)	L3385882	H	9.9416101	76.3785276	2019-01-13	08:13:00	obsr509242	S51754845	Stationary	P21	EBIRD	15.0			5	1	G3759881	0	0	0			COUNTED	
243	URN:CornellLabOfOrnithology:EBIRD:OBS703375277	2019-02-05 02:05:38.0	3234	species	Banded Bay Cuckoo	Cacomantis sonneratii			3				India	IN	Kerala	IN-KL	Idukki	IN-KL-ID					Periyar Tiger Reserve--Manakavala	L8096276	H	9.5331545	77.2316956	2019-01-25	12:55:00	obsr893087	S52087199	Traveling	P22	EBIRD	15.0	0.032		4	1	G3801990	0	0	0			Call	
246	URN:CornellLabOfOrnithology:EBIRD:OBS702808218	2019-02-05 13:20:19.0	26880	species	Blue-and-white Flycatcher	Cyanoptila cyanomelana			1				India	IN	Kerala	IN-KL	Idukki	IN-KL-ID					Kanthalloor Panchayat Office area	L8491546	P	10.2153764	77.1941236	2019-01-24	09:28:00	obsr906960	S52042441	Traveling	P22	EBIRD	170.0	4.5		5	1	G3794970	1	0	0				
253	URN:CornellLabOfOrnithology:EBIRD:OBS703817066	2019-02-02 04:15:50.0	7171	species	Black-crowned Night-Heron	Nycticorax nycticorax			1				India	IN	Kerala	IN-KL	Idukki	IN-KL-ID					Damsite Camp	L8505783	P	9.532734800000002	77.14814190000001	2019-01-26	22:01:00	obsr556980	S52123387	Traveling	P22	EBIRD	15.0	0.31		2	1	G3806251	0	0	0		Call heard distinctly - the bird was circling about above for more than 30 seconds - call was recorded	Call heard for more than a minute by two observers	
256	URN:CornellLabOfOrnithology:EBIRD:OBS699017459	2019-01-16 09:24:55.0	7719	species	Besra	Accipiter virgatus			1				India	IN	Kerala	IN-KL	Idukki	IN-KL-ID					The Only place, Guest house	L8426701	P	10.1776476	77.253778	2019-01-14	06:45:00	obsr472810	S51730586	Traveling	P22	EBIRD	60.0	0.5		4	1	G3766878	1	0	0			Prominent gular striped and barred thighs. Thick, dense barring of underparts	
261	URN:CornellLabOfOrnithology:EBIRD:OBS704627499	2019-01-31 07:18:36.0	6818	species	Black Stork	Ciconia nigra			2				India	IN	Kerala	IN-KL	Idukki	IN-KL-ID					Periyar Lake	L5388694	P	9.5274001	77.17616559999999	2019-01-10	08:30:00	obsr508201	S52197190	Traveling	P22	EBIRD	250.0	24.0		4	1	G3815182	0	0	0			One bird was sighted in flight and the other foraging at the lakeshore. Photos will be attached later	
263	URN:CornellLabOfOrnithology:EBIRD:OBS707205367	2019-02-06 01:43:15.0	9261	species	Blue-eared Kingfisher	Alcedo meninting			1				India	IN	Kerala	IN-KL	Idukki	IN-KL-ID					Orange Pudav	L8528256	P	9.4860494	77.3770183	2019-01-25	11:29:00	obsr1227055	S52425875	Traveling	P22	EBIRD	15.0	0.6		2	1	G3814838	0	0	0			Direct sighting	
274	URN:CornellLabOfOrnithology:EBIRD:OBS700530387	2019-01-21 00:31:51.0	23901	species	Booted Warbler	Iduna caligata			1				India	IN	Kerala	IN-KL	Idukki	IN-KL-ID					Near Mattupptti Dam -Subcell no.60.33.4	L8467140	P	10.1060301	77.12886359999999	2019-01-19	11:02:00	obsr444880	S51855496	Stationary	P21	EBIRD_IND	15.0			3	1	G3779316	0	0	0		Standing Water -yes--Flowing Water -yes--Fruiting Fig -no--Lantana camara -no--Eichhornia crassipes (Water Hyacinth) -no--Salivinia molesta -no--Mikania micrantha -no	Image available	
276	URN:CornellLabOfOrnithology:EBIRD:OBS707193347	2019-02-06 00:01:57.0	23901	species	Booted Warbler	Iduna caligata			1				India	IN	Kerala	IN-KL	Idukki	IN-KL-ID					Munnar 8th mile	L8492231	P	10.1410844	77.0657397	2019-01-24	06:50:00	obsr541737	S52424847	Traveling	P22	EBIRD	50.0	5.5		5	1	G3795059	0	0	0				
278	URN:CornellLabOfOrnithology:EBIRD:OBS702808056	2019-01-28 10:58:54.0	23901	species	Booted Warbler	Iduna caligata			1				India	IN	Kerala	IN-KL	Idukki	IN-KL-ID					Chinnar--Thoovanam View point	L4795061	H	10.2927204	77.17769440000001	2019-01-24	14:15:00	obsr906960	S52042431	Traveling	P22	EBIRD	75.0	3.0		5	1	G3795135	0	0	0				
281	URN:CornellLabOfOrnithology:EBIRD:OBS701366144	2019-01-22 03:21:05.0	23901	species	Booted Warbler	Iduna caligata			1				India	IN	Kerala	IN-KL	Idukki	IN-KL-ID					Lakshmi amman Temple, Letchmi estate,KDH -Subcell no -58.29.8	L8467799	P	10.059	77.017	2019-01-20	09:43:00	obsr962839	S51923447	Traveling	P22	EBIRD_IND	15.0	0.44		3	1	G3782593	0	0	0		Standing Water -yes--Flowing Water -yes--Fruiting Fig -no--Lantana camara -yes--Eichhornia crassipes (Water Hyacinth) -no--Salivinia molesta -no--Mikania micrantha -no	Image available	
283	URN:CornellLabOfOrnithology:EBIRD:OBS703940038	2019-01-28 11:14:48.0	23901	species	Booted Warbler	Iduna caligata			2				India	IN	Kerala	IN-KL	Idukki	IN-KL-ID					Chinnar Wildlife Sanctuary--Chinnar	L3027183	H	10.3505313	77.22125890000001	2019-01-24	16:05:00	obsr731344	S52133180	Traveling	P22	EBIRD	145.0	5.0		5	1	G3796995	0	0	0				
299	URN:CornellLabOfOrnithology:EBIRD:OBS693458517	2019-01-13 02:22:06.0	29893	species	Common Rosefinch	Carpodacus erythrinus			30				India	IN	Kerala	IN-KL	Idukki	IN-KL-ID					Windermere estate Munnar kerala	L4008370	H	10.0564274	77.07051340000001	2019-01-04	06:34:00	obsr188371	S51286096	Traveling	P22	EBIRD	155.0	2.645		2	1	G3719655	0	0	0			Quite common.	
301	URN:CornellLabOfOrnithology:EBIRD:OBS701366060	2019-01-24 02:48:06.0	5929	species	Common Sandpiper	Actitis hypoleucos			1				India	IN	Kerala	IN-KL	Idukki	IN-KL-ID					Near Mattupptti Dam -Subcell no.60.33.4	L8467140	P	10.1060301	77.12886359999999	2019-01-19	10:09:00	obsr962839	S51923437	Traveling	P22	EBIRD_IND	15.0	0.23		3	1	G3782586	0	0	0		Standing Water -yes--Flowing Water -yes--Fruiting Fig -no--Lantana camara -no--Eichhornia crassipes (Water Hyacinth) -no--Salivinia molesta -no--Mikania micrantha -no	White wing patch	
310	URN:CornellLabOfOrnithology:EBIRD:OBS703455359	2019-02-02 03:59:12.0	24906	species	Golden-headed Cisticola	Cisticola exilis			1				India	IN	Kerala	IN-KL	Idukki	IN-KL-ID					Uppupara (9.465, 77.091)	L8503048	P	9.4646763	77.0911344	2019-01-27	09:56:00	obsr1181061	S52094076	Incidental	P20	EBIRD				2	0	G3802642	0	0	0			Head brighter, unstreaked nape.	
314	URN:CornellLabOfOrnithology:EBIRD:OBS708261728	2019-02-09 10:08:40.0	3366	species	Great Eared-Nightjar	Lyncornis macrotis			2				India	IN	Kerala	IN-KL	Idukki	IN-KL-ID					Periyar Tiger Reserve--Aruviyoda	L3120215	H	9.4933	77.2353	2019-01-26	19:00:00	obsr978649	S52514269	Stationary	P21	EBIRD	15.0			3	1	G3839894	0	0	0				
315	URN:CornellLabOfOrnithology:EBIRD:OBS708261497	2019-02-09 10:09:06.0	3366	species	Great Eared-Nightjar	Lyncornis macrotis			2				India	IN	Kerala	IN-KL	Idukki	IN-KL-ID					Periyar Tiger Reserve--Aruviyoda	L3120215	H	9.4933	77.2353	2019-01-26	18:45:00	obsr978649	S52514247	Stationary	P21	EBIRD	15.0			3	1	G3839896	0	0	0			Call observation,'' kheeee yooo''	
318	URN:CornellLabOfOrnithology:EBIRD:OBS701766385	2019-01-31 23:36:53.0	5932	species	Green Sandpiper	Tringa ochropus			1				India	IN	Kerala	IN-KL	Idukki	IN-KL-ID					60,30,2	L8478045	P	10.095581	77.04860500000001	2019-01-19	08:57:00	obsr458832	S51956902	Traveling	P22	EBIRD_IND	15.0	0.213		3	1	G3789253	0	0	0		Flowing WB, Lantana	White rump, black markings on the tail	
322	URN:CornellLabOfOrnithology:EBIRD:OBS693622442	2019-01-08 06:20:16.0	7506	species	Greater Spotted Eagle	Clanga clanga			1				India	IN	Kerala	IN-KL	Idukki	IN-KL-ID					Idukki WLS--Ulupuni	L4855952	H	9.740933300000002	76.9269304	2019-01-02	11:34:00	obsr452388	S51214645	Traveling	P22	EBIRD	273.0	6.5		3	1	G3712234	1	0	0				
324	URN:CornellLabOfOrnithology:EBIRD:OBS704607183	2019-02-02 03:49:04.0	7842	species	Gray-headed Fish-Eagle	Haliaeetus ichthyaetus			1				India	IN	Kerala	IN-KL	Idukki	IN-KL-ID					(9.5236,77.2462)	L8521091	P	9.523607	77.246166	2019-01-27	10:56:00	obsr786264	S52195659	Traveling	P22	EBIRD_IND	15.0	2.548		2	1	G3812710	0	0	0			Record short - this is from Senior Odai 	
327	URN:CornellLabOfOrnithology:EBIRD:OBS704246027	2019-02-05 01:26:26.0	9135	species	Indian Gray Hornbill	Ocyceros birostris			3				India	IN	Kerala	IN-KL	Idukki	IN-KL-ID					Periyar, Kerala, IN (9.577, 77.131)	L8509953	P	9.5768211	77.13090629999999	2019-01-26	06:49:00	obsr1181061	S52160589	Stationary	P21	EBIRD_IND	16.0			2	1	G3809782	0	0	0			Found in a coffee plantation	
336	URN:CornellLabOfOrnithology:EBIRD:OBS707205948	2019-02-06 01:49:22.0	26356	species	Palani Laughingthrush	Montecincla fairbanki			5				India	IN	Kerala	IN-KL	Idukki	IN-KL-ID					Orange Pudav	L8528256	P	9.4860494	77.3770183	2019-01-25	12:14:00	obsr1227055	S52425923	Traveling	P22	EBIRD	15.0	0.24		2	1	G3814840	0	0	0				
343	URN:CornellLabOfOrnithology:EBIRD:OBS704555275	2019-01-29 21:40:45.0	29198	species	Long-billed Sunbird	Cinnyris lotenius			5				India	IN	Kerala	IN-KL	Idukki	IN-KL-ID					Mistletoe Homestay and Cafe	L8523758	P	10.018108900000001	77.01056	2019-01-30	07:45:00	obsr361037	S52191936	Stationary	P21	EBIRD	25.0			2	1	G3812217	0	0	0				
348	URN:CornellLabOfOrnithology:EBIRD:OBS703455611	2019-01-27 11:31:17.0	8589	species	Mottled Wood-Owl	Strix ocellata			1				India	IN	Kerala	IN-KL	Idukki	IN-KL-ID					Kerala, IN (9.463, 77.054)	L8504533	P	9.4628306	77.0539624	2019-01-24	19:18:00	obsr1181061	S52094095	Stationary	P21	EBIRD	15.0			2	1	G3802314	0	0	0			"Nilgiri langur-like ""ubb ubb ubb"" call heard"	
349	URN:CornellLabOfOrnithology:EBIRD:OBS704368990	2019-02-02 04:55:08.0	8589	species	Mottled Wood-Owl	Strix ocellata			2				India	IN	Kerala	IN-KL	Idukki	IN-KL-ID					(9.5329,77.2609)	L8521354	P	9.532878	77.26094499999999	2019-01-26	06:01:00	obsr1181061	S52173262	Stationary	P21	EBIRD_IND	15.0			2	1	G3810637	0	0	0		Before Sunrise 	Call 	
353	URN:CornellLabOfOrnithology:EBIRD:OBS704369035	2019-02-02 04:55:08.0	8589	species	Mottled Wood-Owl	Strix ocellata			2				India	IN	Kerala	IN-KL	Idukki	IN-KL-ID					(9.5329,77.2607)	L8521355	P	9.532855999999999	77.260693	2019-01-26	05:46:00	obsr468305	S52173277	Stationary	P21	EBIRD_IND	15.0			2	1	G3810638	0	0	0			Call 	
356	URN:CornellLabOfOrnithology:EBIRD:OBS703972909	2019-01-28 12:36:19.0	22221	spuh	nuthatch sp.	Sitta sp.			3	NY	C4	Unknown Sex, Adult (2); Unknown Sex, Juvenile (1)	India	IN	Kerala	IN-KL	Idukki	IN-KL-ID					Karimala - (9.426, 77.037)	L8504594	P	9.4255493	77.0369495	2019-01-25	16:50:00	obsr1181061	S52136033	Stationary	P21	EBIRD	15.0			2	1	G3807565	0	0	0			Nest	
373	URN:CornellLabOfOrnithology:EBIRD:OBS698529863	2019-01-14 20:45:03.0	3245	species	Gray-bellied Cuckoo	Cacomantis passerinus			1				India	IN	Kerala	IN-KL	Idukki	IN-KL-ID					Kerala, IN (9.524, 77.107)	L8410185	P	9.524283800000001	77.1068138	2019-01-11	16:45:00	obsr472810	S51689036	Traveling	P22	EBIRD	120.0	1.609		20	1	G3762801	1	0	0			Will upload photo. Saw the cuckoo under a lantana bush feeding on moth larvae.	
375	URN:CornellLabOfOrnithology:EBIRD:OBS692571755	2019-01-08 06:20:16.0	1191	species	Rain Quail	Coturnix coromandelica			2				India	IN	Kerala	IN-KL	Idukki	IN-KL-ID					Rajmalai National Park, Idukki IN-Kerala (10.2515,77.1915)	L8348586	P	10.251463000000001	77.191456	2019-01-02	17:50:00	obsr575633	S51205692	Stationary	P21	EBIRD	15.0			4	1	G3723597	0	0	0			Sub adult.Observed by all the four	
381	URN:CornellLabOfOrnithology:EBIRD:OBS696233369	2019-01-09 11:42:13.0	1135	species	Red Spurfowl	Galloperdix spadicea			4				India	IN	Kerala	IN-KL	Idukki	IN-KL-ID					Marayoor kovilkadavu road	L8365747	P	10.2488552	77.1528954	2019-01-02	14:00:00	obsr785224	S51494903	Stationary	P21	EBIRD	20.0			4	1	G3734977	0	0	0		Observers : Mukundan Kizhakkemadham, Mohan CP, Manoj Kanakambaran and Polly Kalamassery.	They were foraging under the thick canopy of wild growth.	
391	URN:CornellLabOfOrnithology:EBIRD:OBS708681282	2019-02-10 09:17:05.0	7448	species	Short-toed Snake-Eagle	Circaetus gallicus			1				India	IN	Kerala	IN-KL	Idukki	IN-KL-ID					43,31,1 PTR-Manakavala CS	L8518058	P	9.566666699999999	77.1833333	2019-01-27	09:45:00	obsr458832	S52158559	Traveling	P22	EBIRD	15.0	0.3		4	1	G3809619	1	0	0		No water body, no fruiting fig, no weeds--[BFO- Praveen, Protection Watchers - Binoy, Ramesh]		
398	URN:CornellLabOfOrnithology:EBIRD:OBS701765750	2019-01-31 23:43:27.0	5922	spuh	snipe sp.	Gallinago sp.			2				India	IN	Kerala	IN-KL	Idukki	IN-KL-ID					61,32,1	L8478724	P	10.133064	77.103611	2019-01-19	14:51:00	obsr458832	S51956835	Traveling	P22	EBIRD_IND	15.0	0.21		3	1	G3789235	0	0	0		Flowing WB 	Flight	
404	URN:CornellLabOfOrnithology:EBIRD:OBS703868057	2019-02-05 02:07:45.0	28668	species	Thick-billed Flowerpecker	Dicaeum agile			2				India	IN	Kerala	IN-KL	Idukki	IN-KL-ID					Sabarimala Traditional Path, Mlappara, Kerala, IN (9.44, 77.016)	L8503036	P	9.4403692	77.01631970000001	2019-01-25	08:15:00	obsr1181061	S52126885	Traveling	P22	EBIRD_IND	15.0	0.24100000000000002		2	1	G3806457	0	0	0		Puthussery subcell 1 day 1	Saw and heard calls	
407	URN:CornellLabOfOrnithology:EBIRD:OBS705334684	2019-02-01 11:01:53.0	29570	species	Tree Pipit	Anthus trivialis			1				India	IN	Kerala	IN-KL	Idukki	IN-KL-ID					Chenduvarai Road, Kundala -Subcell no -61.35.8	L8461553	P	10.150357199999998	77.1982059	2019-01-19	14:11:00	obsr444880	S51858607	Traveling	P22	EBIRD_IND	15.0	0.34		3	1	G3782031	1	0	0		Standing Water -yes--Flowing Water -yes--Fruiting Fig -no--Lantana camara -no--Eichhornia crassipes (Water Hyacinth) -no--Salivinia molesta -no--Mikania micrantha -no		
419	URN:CornellLabOfOrnithology:EBIRD:OBS703857821	2019-02-05 01:12:21.0	19464	species	White-bellied Drongo	Dicrurus caerulescens			1				India	IN	Kerala	IN-KL	Idukki	IN-KL-ID					Damsite Camp	L8505783	P	9.532734800000002	77.14814190000001	2019-01-25	16:09:00	obsr1181061	S52126162	Traveling	P22	EBIRD	15.0	0.5		3	1	G3806299	0	0	0		Sunny and warm - scrub vegetation and trees	Smaller than Ashy, forked tail,  seated on mullu murukke	
432	URN:CornellLabOfOrnithology:EBIRD:OBS702947625	2019-02-05 01:35:51.0	6827	species	White Stork	Ciconia ciconia			1				India	IN	Kerala	IN-KL	Idukki	IN-KL-ID					(9.5223,77.2499)	L8497194	P	9.522277	77.249874	2019-01-24	11:28:00	obsr786264	S52053351	Traveling	P22	EBIRD_IND	15.0	2.066		4	1	G3797573	0	0	0			check Pic 	
451	URN:CornellLabOfOrnithology:EBIRD:OBS701755282	2019-01-23 05:10:33.0	27207	species	Black-and-orange Flycatcher	Ficedula nigrorufa			2				India	IN	Kerala	IN-KL	Kollam	IN-KL-KL					Pandimotta Camp Shed(8.827, 77.217)	L8475112	P	8.8274955	77.21718249999999	2019-01-19	07:30:00	obsr536687	S51955957	Traveling	P22	EBIRD	15.0	0.31		6	1	G3789141	0	0	0			Commonly seen species at the location	
452	URN:CornellLabOfOrnithology:EBIRD:OBS701755682	2019-01-23 05:17:09.0	27207	species	Black-and-orange Flycatcher	Ficedula nigrorufa			2				India	IN	Kerala	IN-KL	Kollam	IN-KL-KL					Pandimotta Camp Shed(8.827, 77.217)	L8475112	P	8.8274955	77.21718249999999	2019-01-18	16:12:00	obsr536687	S51955992	Traveling	P22	EBIRD	15.0	0.29		2	1	G3789144	0	0	0		Bird Atlas Survey-Habitat - Higher elevation Montane reed thickets-Weather - sunny-Observers - Hari Mavelikara, Jishnu R	Common at the place	
453	URN:CornellLabOfOrnithology:EBIRD:OBS701707137	2019-01-22 22:24:41.0	27207	species	Black-and-orange Flycatcher	Ficedula nigrorufa			2				India	IN	Kerala	IN-KL	Kollam	IN-KL-KL					Pandimotta, Shendurny Wildlife Sanctuary(8.828, 77.215)	L8475059	P	8.828134599999998	77.215098	2019-01-20	08:08:00	obsr1229803	S51952311	Traveling	P22	EBIRD	15.0	0.36		6	1	G3788658	0	0	0		Bird Atlas Survey-Habitat - Higher elevation Montane reed thickets-Weather - cloudy and windy-Observers - Hari Mavelikara, Biju PB, Jishnu R, Jiji Sam, Shiju	Male and female	
454	URN:CornellLabOfOrnithology:EBIRD:OBS701371127	2019-01-22 22:22:55.0	27207	species	Black-and-orange Flycatcher	Ficedula nigrorufa			2				India	IN	Kerala	IN-KL	Kollam	IN-KL-KL					IN (8.828, 77.215)	L8473312	P	8.8282024	77.2151488	2019-01-17	15:01:00	obsr536687	S51923819	Traveling	P22	EBIRD	15.0	0.5		5	1	G3788711	0	0	0			Have photographs 	
456	URN:CornellLabOfOrnithology:EBIRD:OBS701755838	2019-01-23 05:18:50.0	27207	species	Black-and-orange Flycatcher	Ficedula nigrorufa			2				India	IN	Kerala	IN-KL	Kollam	IN-KL-KL					Unknown Location - (8.828, 77.217)	L8478576	P	8.827658900000001	77.21695240000001	2019-01-18	15:46:00	obsr447651	S51955999	Traveling	P22	EBIRD	15.0	0.13		2	1	G3789145	0	0	0		Bird Atlas Survey-Habitat - Higher elevation Montane reed thickets-Weather - Sunny-Observers - Hari Mavelikara, Jishnu R	Common sps at the location	
466	URN:CornellLabOfOrnithology:EBIRD:OBS700624549	2019-01-21 07:07:57.0	34204	species	Black-throated Munia	Lonchura kelaarti			19				India	IN	Kerala	IN-KL	Kollam	IN-KL-KL					IN (8.902, 77.178)	L8462987	P	8.9017934	77.17819859999999	2019-01-18	08:08:00	obsr1218319	S51863281	Traveling	P22	EBIRD	11.0	0.209		4	1	G3782848	0	0	0			Observed as a group on feeding...in bamboo forest	
470	URN:CornellLabOfOrnithology:EBIRD:OBS701353602	2019-01-22 01:22:00.0	8593	species	Brown Wood-Owl	Strix leptogrammica			1				India	IN	Kerala	IN-KL	Kollam	IN-KL-KL					IN (8.914, 77.182)	L8463839	P	8.9140245	77.1817055	2019-01-19	19:01:00	obsr1229803	S51922373	Stationary	P21	EBIRD	15.0			4	1	G3782819	0	0	0		Nocturnal count..day 3 sample 1	Call observed	
473	URN:CornellLabOfOrnithology:EBIRD:OBS701707243	2019-01-22 22:24:56.0	8593	species	Brown Wood-Owl	Strix leptogrammica			1				India	IN	Kerala	IN-KL	Kollam	IN-KL-KL					IN (8.873, 77.119)	L8473208	P	8.872830800000001	77.1187693	2019-01-19	19:00:00	obsr1229803	S51952327	Stationary	P21	EBIRD_IND	15.0			4	1	G3786498	0	0	0		Night watch 	Call identified	
478	URN:CornellLabOfOrnithology:EBIRD:OBS700623134	2019-01-21 07:08:03.0	10938	species	Common Flameback	Dinopium javanense			1				India	IN	Kerala	IN-KL	Kollam	IN-KL-KL					IN (8.913, 77.18)	L8462960	P	8.9130462	77.1799121	2019-01-18	07:22:00	obsr1218319	S51863177	Traveling	P22	EBIRD	15.0	0.483		4	1	G3782851	0	0	0			Observed due to the presence of favourable habitat	
480	URN:CornellLabOfOrnithology:EBIRD:OBS700633675	2019-01-21 07:07:34.0	10938	species	Common Flameback	Dinopium javanense			1				India	IN	Kerala	IN-KL	Kollam	IN-KL-KL					IN (8.907, 77.206)	L8463176	P	8.9070778	77.20622890000001	2019-01-18	17:19:00	obsr1218319	S51863963	Traveling	P22	EBIRD	15.0	0.33799999999999997		4	1	G3782836	0	0	0			Present due to the presence of its likely habitat	
482	URN:CornellLabOfOrnithology:EBIRD:OBS701354530	2019-01-22 01:25:28.0	10938	species	Common Flameback	Dinopium javanense			1				India	IN	Kerala	IN-KL	Kollam	IN-KL-KL					Manjathy-Rosemala Road, Rosemala, Kerala, IN (8.937, 77.172)	L8462689	P	8.9372242	77.1720682	2019-01-17	10:22:00	obsr1229803	S51922457	Traveling	P22	EBIRD	15.0	0.386		4	1	G3782873	0	0	0			Species is present in the nearby habitats	
485	URN:CornellLabOfOrnithology:EBIRD:OBS700970067	2019-01-21 07:08:31.0	10938	species	Common Flameback	Dinopium javanense			1				India	IN	Kerala	IN-KL	Kollam	IN-KL-KL					IN (8.902, 77.175)	L8462792	P	8.901627000000001	77.1747309	2019-01-17	16:28:00	obsr444518	S51890768	Traveling	P22	EBIRD	15.0	0.27399999999999997		4	1	G3782864	0	0	0			Present due to dry habitat	
486	URN:CornellLabOfOrnithology:EBIRD:OBS700608777	2019-01-21 07:08:43.0	10938	species	Common Flameback	Dinopium javanense			2				India	IN	Kerala	IN-KL	Kollam	IN-KL-KL					IN (8.914, 77.182)	L8462727	P	8.9139901	77.1818127	2019-01-17	12:26:00	obsr1218319	S51861971	Traveling	P22	EBIRD	15.0	0.209		4	1	G3782870	0	0	0		Eupatorium sp.  is widely observed as an invasive plant sp	It can be due to the dry conditions which is favourable for the sp.	
488	URN:CornellLabOfOrnithology:EBIRD:OBS701353654	2019-01-22 01:22:13.0	10938	species	Common Flameback	Dinopium javanense			1				India	IN	Kerala	IN-KL	Kollam	IN-KL-KL					IN (8.906, 77.207)	L8463774	P	8.9059243	77.2066301	2019-01-19	09:25:00	obsr1229803	S51922379	Traveling	P22	EBIRD	15.0	0.33799999999999997		4	1	G3782826	0	0	0		Dharbhakulam cell 2.. sample 1-Cell no..21,23,8-Semi evergreen type-	Call observed	
497	URN:CornellLabOfOrnithology:EBIRD:OBS704978731	2019-01-31 09:24:38.0	29893	species	Common Rosefinch	Carpodacus erythrinus			60				India	IN	Kerala	IN-KL	Kollam	IN-KL-KL					Konni Achankovil Road, Kerala, IN (9.092, 77.121)	L8524384	P	9.0921759	77.12144029999999	2019-01-27	08:36:00	obsr943742	S52226623	Traveling	P22	EBIRD	15.0	5.632999999999999		3	1	G3812695	0	0	0		Cell no. 27, 24, 5 Achankovil-Flowing water body present-Invasive species found : Lantana	Was a pretty large flock, seen perching and foraging on and nearby bamboo trees. 	
500	URN:CornellLabOfOrnithology:EBIRD:OBS701763785	2019-01-23 07:01:30.0	29893	species	Common Rosefinch	Carpodacus erythrinus			80				India	IN	Kerala	IN-KL	Kollam	IN-KL-KL					Kallar, Kerala, IN (8.907, 77.125)	L8473600	P	8.9069073	77.12536949999999	2019-01-17	10:58:00	obsr823445	S51956663	Traveling	P22	EBIRD	15.0	0.64		8	1	G3789172	0	0	0			Seen in two groups feeding on bamboo seeds	
507	URN:CornellLabOfOrnithology:EBIRD:OBS700945889	2019-01-21 03:35:35.0	10075	species	Crimson-fronted Barbet	Psilopogon rubricapillus			1	H 	C2		India	IN	Kerala	IN-KL	Kollam	IN-KL-KL					IN (8.863, 77.119)	L8467688	P	8.8626334	77.11895720000001	2019-01-18	08:22:00	obsr1217516	S51889150	Traveling	P22	EBIRD_IND	15.0	1.4480000000000002		4	1	G3782684	0	0	0		20 20 06-Survey 2--Dense evergreen forest..Hilly terrain..Thick canopy..clidemia hirta : invasive species present.	Vocals identified	
512	URN:CornellLabOfOrnithology:EBIRD:OBS701760460	2019-01-23 06:29:08.0	29385	species	Forest Wagtail	Dendronanthus indicus			9				India	IN	Kerala	IN-KL	Kollam	IN-KL-KL					21,20,9  SHENDURNEY KALLAR	L8475256	P	8.898454199999998	77.1154813	2019-01-19	10:00:00	obsr1226986	S51956326	Traveling	P22	EBIRD	15.0	0.4		8	1	G3788700	0	0	0		21,20,9 SHENDURNEY KALLAR, List 1--Weeds : Lantana camara present,--Flowing stream absent, --Fruiting fig absent,--Dry deciduous forest.	Seen in 5 diffent places 1+3+2+1+2	
519	URN:CornellLabOfOrnithology:EBIRD:OBS702459412	2019-01-25 00:57:55.0	21668	species	Gray-headed Canary-Flycatcher	Culicicapa ceylonensis			12				India	IN	Kerala	IN-KL	Kollam	IN-KL-KL					CCF Mukku, Pandimotta (8.832, 77.191)	L8478568	P	8.832265800000002	77.1914618	2019-01-19	09:20:00	obsr1229803	S52012919	Traveling	P22	EBIRD	15.0	2.04		6	1	G3789139	0	0	0		Bird Atlas Survey-Habitat - Higher elevation Montane reed thickets-Weather - cloudy-Observers - Hari Mavelikara, Biju PB, Jishnu R, Jiji Sam, Shiju	Large flock observed	
524	URN:CornellLabOfOrnithology:EBIRD:OBS701371382	2019-01-22 22:22:39.0	26357	species	Ashambu Laughingthrush	Montecincla meridionalis			3				India	IN	Kerala	IN-KL	Kollam	IN-KL-KL					IN (8.829, 77.212)	L8473317	P	8.8294095	77.2118378	2019-01-17	15:36:00	obsr536687	S51923837	Traveling	P22	EBIRD	15.0	0.8		3	1	G3788709	0	0	0			Will add Photos 	
527	URN:CornellLabOfOrnithology:EBIRD:OBS701704271	2019-01-22 22:12:40.0	26357	species	Ashambu Laughingthrush	Montecincla meridionalis			2				India	IN	Kerala	IN-KL	Kollam	IN-KL-KL					Pandimotta, Shendurny Wildlife Sanctuary(8.829, 77.211)	L8475103	P	8.8292702	77.210699	2019-01-19	16:30:00	obsr536687	S51952024	Traveling	P22	EBIRD	15.0	0.5		5	1	G3788656	0	0	0		Bird Atlas Survey-Habitat - Higher elevation Montane reed thickets-Weather - cloudy and windy-Observers - Hari Mavelikara, Biju PB, Jishnu R, Jiji Sam, Shiju	Photo taken	
529	URN:CornellLabOfOrnithology:EBIRD:OBS701704278	2019-01-22 22:12:42.0	26357	species	Ashambu Laughingthrush	Montecincla meridionalis			4				India	IN	Kerala	IN-KL	Kollam	IN-KL-KL					Pandimotta, Shendurny Wildlife Sanctuary(8.828, 77.217)	L8475079	P	8.827842599999999	77.2168688	2019-01-20	07:50:00	obsr536687	S51952025	Traveling	P22	EBIRD	15.0	0.3		5	1	G3788657	0	0	0		Bird Atlad Survey-Habitat - Higher elevation Montane reed thickets-Weather - cloudy and windy-Observers - Hari Mavelikara, Biju PB, Jishnu R, Jiji Sam, Shiju	A common species at the location. Photo taken by Biju PB. 	
533	URN:CornellLabOfOrnithology:EBIRD:OBS701518812	2019-01-22 22:12:36.0	26357	species	Ashambu Laughingthrush	Montecincla meridionalis			5				India	IN	Kerala	IN-KL	Kollam	IN-KL-KL					Pandimotta Camp Shed(8.827, 77.217)	L8475112	P	8.8274955	77.21718249999999	2019-01-19	15:10:00	obsr447651	S51935137	Traveling	P22	EBIRD	15.0	0.18		5	1	G3788653	0	0	0			Photo taken	
534	URN:CornellLabOfOrnithology:EBIRD:OBS701756054	2019-01-23 05:21:08.0	26357	species	Ashambu Laughingthrush	Montecincla meridionalis			4				India	IN	Kerala	IN-KL	Kollam	IN-KL-KL					Pandimotta, SWLS(8.828, 77.217)	L8478582	P	8.827658900000001	77.21695240000001	2019-01-18	15:25:00	obsr536687	S51956013	Traveling	P22	EBIRD	15.0	0.14		2	1	G3789147	0	0	0		Bird Atlas Survey-Habitat - Higher elevation Montane reed thickets-Weather - Sunny-Observers - Hari Mavelikara, Jishnu R	Common at the location	
537	URN:CornellLabOfOrnithology:EBIRD:OBS701755511	2019-01-23 05:13:40.0	26357	species	Ashambu Laughingthrush	Montecincla meridionalis			1				India	IN	Kerala	IN-KL	Kollam	IN-KL-KL					Unknown Location - (8.828, 77.217)	L8478576	P	8.827658900000001	77.21695240000001	2019-01-18	17:00:00	obsr536687	S51955975	Traveling	P22	EBIRD	15.0	1.45		6	1	G3789142	0	0	0		Bird Atlas Survey-Habitat - Higher elevation Montane reed thickets-Weather - sunny-Observers - Hari Mavelikara, Biju PB, Jishnu R, Jiji Sam, Shiju	Common sp. at the location	
545	URN:CornellLabOfOrnithology:EBIRD:OBS704588835	2019-01-30 00:42:07.0	26886	species	Nilgiri Flycatcher	Eumyias albicaudatus			2				India	IN	Kerala	IN-KL	Kollam	IN-KL-KL					Pandimotta - Thalaimala Route (8.821, 77.235)	L8521729	P	8.8209093	77.2350912	2019-01-18	10:40:00	obsr1229803	S52194316	Traveling	P22	EBIRD	15.0	0.27		3	1	G3810837	0	0	0		Bird Atlas Survey in Shendurney Wildlife Sanctuary-Habitat - Higher elevation semi evergreen forests-Weather - Misty and windy-Observers - Hari Mavelikara, Shiju and Jishnu	Photo taken	
549	URN:CornellLabOfOrnithology:EBIRD:OBS701343441	2019-01-22 00:11:42.0	6439	species	River Tern	Sterna aurantia			13				India	IN	Kerala	IN-KL	Kollam	IN-KL-KL					IN (8.927, 77.131)	L8472338	P	8.926692	77.1312063	2019-01-18	10:22:00	obsr1218617	S51921473	Traveling	P22	EBIRD_IND	56.0	8.89		3	1	G3786157	0	0	0			Group of terns resting on a platform in the middle of the reservoir	
553	URN:CornellLabOfOrnithology:EBIRD:OBS701353441	2019-01-22 01:21:37.0	7488	species	Rufous-bellied Eagle	Lophotriorchis kienerii			1				India	IN	Kerala	IN-KL	Kollam	IN-KL-KL					Kollam - Punalur - Tenkasi, Kerala, IN (8.962, 77.081)	L8473059	P	8.961548599999999	77.0808048	2019-01-17	09:56:00	obsr1229803	S51922358	Stationary	P21	EBIRD_IND	15.0			3	1	G3786248	0	0	0			Eagle with white upper parts and rufous lower parts.	
556	URN:CornellLabOfOrnithology:EBIRD:OBS701577960	2019-01-22 15:40:07.0	7488	species	Rufous-bellied Eagle	Lophotriorchis kienerii			1				India	IN	Kerala	IN-KL	Kollam	IN-KL-KL					Kallar Kerala, IN (8.907, 77.129)	L8474602	P	8.907333300000001	77.1293635	2019-01-19	13:23:00	obsr1226986	S51941370	Stationary	P21	EBIRD	15.0			8	1	G3787750	0	0	0			On flight rufous belly and white head	
557	URN:CornellLabOfOrnithology:EBIRD:OBS701269773	2019-01-22 15:35:41.0	7488	species	Rufous-bellied Eagle	Lophotriorchis kienerii			1				India	IN	Kerala	IN-KL	Kollam	IN-KL-KL					Kallar Kerala, IN (8.907, 77.129)	L8474602	P	8.907333300000001	77.1293635	2019-01-19	14:14:00	obsr644989	S51915698	Traveling	P22	EBIRD	15.0	0.52		8	1	G3787745	0	0	0			Seen on flight, rufous belly and white head till belly 	
565	URN:CornellLabOfOrnithology:EBIRD:OBS701760726	2019-01-23 06:31:52.0	7488	species	Rufous-bellied Eagle	Lophotriorchis kienerii			1				India	IN	Kerala	IN-KL	Kollam	IN-KL-KL					Kallar, IN (8.903, 77.133)	L8473233	P	8.902533199999999	77.13315300000001	2019-01-18	16:30:00	obsr1226986	S51956365	Traveling	P22	EBIRD	15.0	0.48		8	1	G3788684	0	0	0			Seen on flight... Rufous belly and White progress upto the belly... On flight it suddenly closed its wings towards body and incresed its flying speed... 	
574	URN:CornellLabOfOrnithology:EBIRD:OBS700969694	2019-01-21 07:07:30.0	8384	species	Spot-bellied Eagle-Owl	Bubo nipalensis			1				India	IN	Kerala	IN-KL	Kollam	IN-KL-KL					IN (8.913, 77.202)	L8463203	P	8.912599	77.202083	2019-01-18	19:00:00	obsr444518	S51890728	Stationary	P21	EBIRD	15.0			4	1	G3782834	0	0	0		Nocturnal  count.1....day 2	Call observed	
577	URN:CornellLabOfOrnithology:EBIRD:OBS702065898	2019-01-23 21:08:26.0	3728	species	White-rumped Needletail	Zoonavena sylvatica			70				India	IN	Kerala	IN-KL	Kollam	IN-KL-KL					Kallar, Kerala, IN (8.907, 77.129)	L8473383	P	8.90695	77.1293502	2019-01-17	17:14:00	obsr1226991	S51980780	Traveling	P22	EBIRD	15.0	0.24		8	1	G3789181	0	0	0			Got photo,  seen in large group	
584	URN:CornellLabOfOrnithology:EBIRD:OBS696170508	2019-01-19 07:20:56.0	7082	spuh	Ardea sp.	Ardea sp.			1				India	IN	Kerala	IN-KL	Kannur	IN-KL-KN					Unnamed Road, Velapuram, Kerala, IN (11.958, 75.36)	L8397111	P	11.956927499999999	75.35895500000001	2019-01-09	07:50:00	obsr1131623	S51489507	Stationary	P21	EBIRD	60.0			2	1	G3744499	0	0	0		Location :Keecheri Vayal(AWC Wetland Assessment)	Grey heron.. not listed	
589	URN:CornellLabOfOrnithology:EBIRD:OBS704927473	2019-01-31 02:18:48.0	24584	species	Ashy Prinia	Prinia socialis			12				India	IN	Kerala	IN-KL	Kannur	IN-KL-KN					Ezhome Road, Ezhome, Kerala, IN (12.032, 75.287)	L8525737	P	12.032252900000001	75.28711990000001	2019-01-30	08:10:00	obsr575664	S52222182	Traveling	P22	EBIRD	15.0	0.1		2	1	G3814975	0	0	0			Verified with experts. Photographed	
591	URN:CornellLabOfOrnithology:EBIRD:OBS704890304	2019-01-31 02:18:16.0	24584	species	Ashy Prinia	Prinia socialis			12				India	IN	Kerala	IN-KL	Kannur	IN-KL-KN					Kannom - Namgalam Road, Ezhome P9, Kerala, IN (12.04, 75.304)	L8528039	P	12.0396224	75.3036604	2019-01-31	08:18:00	obsr944547	S52219522	Traveling	P22	EBIRD	15.0	0.1		2	1	G3814969	0	0	0			Photographed	
593	URN:CornellLabOfOrnithology:EBIRD:OBS699270493	2019-01-16 22:15:45.0	18880	species	Bay-backed Shrike	Lanius vittatus			1				India	IN	Kerala	IN-KL	Kannur	IN-KL-KN					Kattampally	L3085936	H	11.9399979	75.37912850000001	2019-01-14	07:00:00	obsr1010371	S51752060	Traveling	P22	EBIRD_IND	87.0	1.12		5	1	G3766820	1	0	0				
602	URN:CornellLabOfOrnithology:EBIRD:OBS698577702	2019-01-16 00:37:57.0	5372	species	Baillon's Crake	Zapornia pusilla			2				India	IN	Kerala	IN-KL	Kannur	IN-KL-KN					Ezhome	L5155964	H	12.0399864	75.29924220000001	2019-01-15	06:59:00	obsr669031	S51693194	Traveling	P22	EBIRD_IND	169.0	8.834		2	1	G3763312	1	0	0		Bright sunny morning 	Photo attached	
604	URN:CornellLabOfOrnithology:EBIRD:OBS694604191	2019-01-07 10:18:54.0	5372	species	Baillon's Crake	Zapornia pusilla			4				India	IN	Kerala	IN-KL	Kannur	IN-KL-KN					Ezhome	L2514933	H	12.016666699999998	75.2666667	2019-01-06	16:15:00	obsr464036	S51378924	Traveling	P22	EBIRD	90.0	0.2		2	1	G3735041	1	0	0				
611	URN:CornellLabOfOrnithology:EBIRD:OBS702536459	2019-01-28 00:11:29.0	5786	species	Black-tailed Godwit	Limosa limosa			1600				India	IN	Kerala	IN-KL	Kannur	IN-KL-KN					Okkara vayal	L4001515	P	12.0558568	75.2665937	2019-01-13	07:00:00	obsr464036	S52019405	Traveling	P22	EBIRD	120.0	0.5		2	1	G3806086	1	0	0		Asian Waterbird Census with Sri.P.C.Rajeevan		
615	URN:CornellLabOfOrnithology:EBIRD:OBS704927436	2019-01-31 02:18:44.0	27110	species	Bluethroat	Luscinia svecica			1				India	IN	Kerala	IN-KL	Kannur	IN-KL-KN					Ezhome Road, Ezhome, Kerala, IN (12.035, 75.289)	L8525825	P	12.034642999999999	75.2885955	2019-01-30	08:34:00	obsr575664	S52222180	Traveling	P22	EBIRD	15.0	0.1		2	1	G3814974	1	0	0			Photographed	
617	URN:CornellLabOfOrnithology:EBIRD:OBS692663543	2019-01-19 06:31:46.0	29524	species	Blyth's Pipit	Anthus godlewskii			1				India	IN	Kerala	IN-KL	Kannur	IN-KL-KN					Kattampally	L3085936	H	11.9399979	75.37912850000001	2019-01-02	07:25:00	obsr1010371	S51214095	Traveling	P22	EBIRD	95.0	0.6		3	1	G3712176	0	0	0		Paddy field , bushes ....calm and cool morning	Sitting on the electric line	
618	URN:CornellLabOfOrnithology:EBIRD:OBS698574369	2019-01-16 08:32:25.0	29524	species	Blyth's Pipit	Anthus godlewskii			1				India	IN	Kerala	IN-KL	Kannur	IN-KL-KN					Kattampally	L3085936	H	11.9399979	75.37912850000001	2019-01-14	08:30:00	obsr558508	S51692954	Traveling	P22	EBIRD_IND	55.0	1.67		5	1	G3766811	0	0	0			Photographed	
626	URN:CornellLabOfOrnithology:EBIRD:OBS701359488	2019-01-22 02:30:56.0	29524	species	Blyth's Pipit	Anthus godlewskii			2				India	IN	Kerala	IN-KL	Kannur	IN-KL-KN					Chirakkal - Mayyil - Kololam Road, Kattampally, Kerala, IN (11.94, 75.38)	L8123469	P	11.9397958	75.3802704	2019-01-03	06:50:00	obsr984700	S51922863	Traveling	P22	EBIRD	200.0	5.0		2	1	G3786291	1	0	0			.	
643	URN:CornellLabOfOrnithology:EBIRD:OBS697214624	2019-01-18 11:47:55.0	26513	species	Brown-breasted Flycatcher	Muscicapa muttui			2				India	IN	Kerala	IN-KL	Kannur	IN-KL-KN					Mangatuparambu Neeliyar Kottam	L2663287	H	11.9855288	75.3648698	2019-01-12	07:40:00	obsr978649	S51581591	Traveling	P22	EBIRD	135.0	0.5		2	1	G3772795	0	0	0		sacred groove		
667	URN:CornellLabOfOrnithology:EBIRD:OBS698979565	2019-01-16 04:43:10.0	3311	species	Common Cuckoo	Cuculus canorus			1				India	IN	Kerala	IN-KL	Kannur	IN-KL-KN					Kattampally	L3085936	H	11.9399979	75.37912850000001	2019-01-06	10:30:00	obsr1196810	S51727401	Traveling	P22	EBIRD	15.0	3.0		2	1	G3766653	1	0	0		Hot bright sunny morning. Water levels in most parts down compared to the levels about two weeks ago		
681	URN:CornellLabOfOrnithology:EBIRD:OBS697749906	2019-01-16 08:51:35.0	5929	species	Common Sandpiper	Actitis hypoleucos			46				India	IN	Kerala	IN-KL	Kannur	IN-KL-KN					MUZHAPPILANGAD BEACH	L3077663	H	11.794866	75.442667	2019-01-13	07:20:00	obsr978649	S51624128	Traveling	P22	EBIRD	75.0	5.0		2	1	G3766842	0	0	0			Photo taken	
686	URN:CornellLabOfOrnithology:EBIRD:OBS703831039	2019-01-28 00:12:03.0	5929	species	Common Sandpiper	Actitis hypoleucos			24				India	IN	Kerala	IN-KL	Kannur	IN-KL-KN					MUZHAPPILANGAD BEACH	L3077663	H	11.794866	75.442667	2019-01-23	07:46:00	obsr1196810	S52124239	Traveling	P22	EBIRD	21.0	4.956		2	1	G3788597	1	0	0			Picture attached	
692	URN:CornellLabOfOrnithology:EBIRD:OBS700923305	2019-01-21 02:25:00.0	9725	species	European Roller	Coracias garrulus			1				India	IN	Kerala	IN-KL	Kannur	IN-KL-KN					Ayyoth	L3532563	H	11.9730081	75.3039515	2019-01-20	08:43:00	obsr1196810	S51887319	Traveling	P22	EBIRD_IND	65.0	2.262		2	1	G3782435	1	0	0			Photo enclosed 	
715	URN:CornellLabOfOrnithology:EBIRD:OBS699686519	2019-01-18 07:26:43.0	6460	species	Lesser Crested Tern	Thalasseus bengalensis			280				India	IN	Kerala	IN-KL	Kannur	IN-KL-KN					Kizhunna Beach	L2660025	H	11.8279119	75.413096	2019-01-13	09:25:00	obsr471204	S51786925	Traveling	P22	EBIRD	30.0	1.0		2	1	G3766841	1	0	0				
721	URN:CornellLabOfOrnithology:EBIRD:OBS692948094	2019-01-04 04:02:07.0	4000	issf	Little Swift	Apus affinis	Little Swift (Indian)	Apus affinis singalensis	6				India	IN	Kerala	IN-KL	Kannur	IN-KL-KN					SBT OFFICERS COLONY, KAKKAD	L5996923	P	11.8839711	75.38012979999999	2019-01-03	07:46:00	obsr669031	S51238744	Stationary	P21	EBIRD_IND	15.0			2	1	G3715055	1	0	0		Cool morning slight breeze and bright blue skies		
723	URN:CornellLabOfOrnithology:EBIRD:OBS692960292	2019-01-04 04:04:39.0	4000	issf	Little Swift	Apus affinis	Little Swift (Indian)	Apus affinis singalensis	27				India	IN	Kerala	IN-KL	Kannur	IN-KL-KN					SBT OFFICERS COLONY, KAKKAD	L5996923	P	11.8839711	75.38012979999999	2019-01-03	08:25:00	obsr669031	S51239872	Stationary	P21	EBIRD_IND	16.0			2	1	G3715333	0	0	0		Bright sunny morning and cool temperatures 		
727	URN:CornellLabOfOrnithology:EBIRD:OBS695808043	2019-01-27 12:23:18.0	5949	species	Marsh Sandpiper	Tringa stagnatilis			1				India	IN	Kerala	IN-KL	Kannur	IN-KL-KN					670594, Varam IN-Kerala (11.9128,75.4101)	L8378282	P	11.912822	75.41014200000001	2019-01-06	08:42:00	obsr471204	S51460392	Traveling	P22	EBIRD_IND	42.0	0.465		2	1	G3739094	1	0	0		bright morning		
740	URN:CornellLabOfOrnithology:EBIRD:OBS704927363	2019-01-31 02:18:25.0	5910	species	Pin-tailed Snipe	Gallinago stenura			8				India	IN	Kerala	IN-KL	Kannur	IN-KL-KN					Taliparamba Road, Ezhome P7, Kerala, IN (12.039, 75.3)	L8527957	P	12.0386017	75.29975019999999	2019-01-31	07:38:00	obsr575664	S52222176	Traveling	P22	EBIRD	15.0	0.1		2	1	G3814971	0	0	0			Photographed	
744	URN:CornellLabOfOrnithology:EBIRD:OBS694641524	2019-01-07 06:46:48.0	25856	species	Puff-throated Babbler	Pellorneum ruficeps			6				India	IN	Kerala	IN-KL	Kannur	IN-KL-KN					chemallikundu	L5090530	P	12.0519956	75.2409625	2019-01-06	07:00:00	obsr464036	S51382165	Traveling	P22	EBIRD	180.0	1.5		2	1	G3735042	0	0	0				
756	URN:CornellLabOfOrnithology:EBIRD:OBS691875462	2019-01-07 06:48:10.0	28448	species	Rosy Starling	Pastor roseus			1000				India	IN	Kerala	IN-KL	Kannur	IN-KL-KN					Kallukettu Chira	L7106980	P	11.9133859	75.3818568	2019-01-01	07:05:00	obsr669031	S51143617	Traveling	P22	EBIRD	15.0	0.5		2	1	G3735075	0	0	0		A little misty morning and cool temperatures	Flying in a large flock	
766	URN:CornellLabOfOrnithology:EBIRD:OBS701753948	2019-01-23 05:05:54.0	5795	species	Ruddy Turnstone	Arenaria interpres			12				India	IN	Kerala	IN-KL	Kannur	IN-KL-KN					Kizhunna Beach	L2660025	H	11.8279119	75.413096	2019-01-23	10:00:00	obsr1196810	S51955904	Traveling	P22	EBIRD	45.0	0.973		2	1	G3788944	0	0	0			Picture attached	
776	URN:CornellLabOfOrnithology:EBIRD:OBS700537862	2019-01-22 11:52:47.0	27368	species	Siberian Stonechat	Saxicola maurus			3				India	IN	Kerala	IN-KL	Kannur	IN-KL-KN					Ezhome	L5155964	H	12.0399864	75.29924220000001	2019-01-20	10:19:00	obsr669031	S51856046	Traveling	P22	EBIRD_IND	70.0	4.0		2	1	G3782436	0	0	0		Bright sunny morning 	Picture attached	
808	URN:CornellLabOfOrnithology:EBIRD:OBS694603075	2019-01-06 11:46:22.0	5352	species	Slaty-legged Crake	Rallina eurizonoides			1				India	IN	Kerala	IN-KL	Kannur	IN-KL-KN					Kannadiparamba - Mathodam wetland	L8379755	P	11.934943400000002	75.39972490000001	2019-01-06	07:30:00	obsr978649	S51377495	Traveling	P22	EBIRD	145.0	1.0		3	1	G3730488	0	0	0		Marshy area, bushes, mangroves etc.		
854	URN:CornellLabOfOrnithology:EBIRD:OBS703515614	2019-02-01 04:29:13.0	21512	species	Wire-tailed Swallow	Hirundo smithii			12				India	IN	Kerala	IN-KL	Kannur	IN-KL-KN					Kali, Pinarayi	L5142063	P	11.795632699999999	75.489571	2019-01-27	07:30:00	obsr574322	S52098938	Traveling	P22	EBIRD	120.0	1.0		2	1	G3817458	1	0	0		with Sasidharan manekkara, sunny hot day		
857	URN:CornellLabOfOrnithology:EBIRD:OBS704927415	2019-01-31 02:18:34.0	21512	species	Wire-tailed Swallow	Hirundo smithii			13				India	IN	Kerala	IN-KL	Kannur	IN-KL-KN					Kerala, IN (12.034, 75.292)	L8525832	P	12.0336737	75.2919608	2019-01-30	08:59:00	obsr575664	S52222178	Traveling	P22	EBIRD	11.0	0.2		2	1	G3814973	0	0	0			Photographed	
860	URN:CornellLabOfOrnithology:EBIRD:OBS694655740	2019-01-06 11:45:53.0	6820	species	Woolly-necked Stork	Ciconia episcopus			31				India	IN	Kerala	IN-KL	Kannur	IN-KL-KN					Arampeedika	L8379974	P	11.9403961	75.4017945	2019-01-06	10:05:00	obsr1010371	S51383358	Traveling	P22	EBIRD	35.0	0.3		3	1	G3730486	0	0	0		Wet land	Seen a large number there , eating poultry waste.	
867	URN:CornellLabOfOrnithology:EBIRD:OBS708205789	2019-02-09 05:37:24.0	29524	species	Blyth's Pipit	Anthus godlewskii			1				India	IN	Kerala	IN-KL	Kasaragod	IN-KL-KS					Bambrana bayalu	L8489953	P	12.626569	74.94233	2019-01-25	16:48:00	obsr669031	S52014921	Stationary	P21	EBIRD	26.0			2	1	G3794104	1	0	0			Photograph attached	
873	URN:CornellLabOfOrnithology:EBIRD:OBS700923498	2019-02-05 11:51:23.0	21444	species	Bank Swallow	Riparia riparia			1				India	IN	Kerala	IN-KL	Kottayam	IN-KL-KT					Vembanad Wetlands--The Lake	L8454587	H	9.6235224	76.4066546	2019-01-20	06:30:00	obsr1196810	S51887326	Traveling	P22	EBIRD	210.0	35.53		4	1	G3779672	1	0	0			Photo attached	
880	URN:CornellLabOfOrnithology:EBIRD:OBS701754315	2019-01-23 05:06:26.0	3988	species	Blyth's Swift	Apus leuconyx			3				India	IN	Kerala	IN-KL	Kottayam	IN-KL-KT					Vembanad Wetlands--Kaippuzha  Muttu	L8454582	H	9.648346499999999	76.4308041	2019-01-20	06:26:00	obsr1196810	S51955920	Traveling	P22	EBIRD_IND	253.0	5.819		16	1	G3788412	0	0	0		Mostly cultivated paddy fields. AWC Vembanad count 2019 - Kaippuzhamuttu	3 of them seen amidst other swifts	
887	URN:CornellLabOfOrnithology:EBIRD:OBS702975895	2019-02-05 11:51:23.0	23932	species	Paddyfield Warbler	Acrocephalus agricola			1				India	IN	Kerala	IN-KL	Kottayam	IN-KL-KT					Erayilkadavu - Manippuzha Road	L8497397	P	9.579841	76.52896899999999	2019-01-17	16:00:00	obsr946806	S52055824	Traveling	P22	EBIRD	140.0	3.0		3	1	G3797803	1	0	0				
890	URN:CornellLabOfOrnithology:EBIRD:OBS700495394	2019-01-20 02:50:51.0	3234	species	Banded Bay Cuckoo	Cacomantis sonneratii			1				India	IN	Kerala	IN-KL	Kozhikode	IN-KL-KZ					Kottooli Wetlands	L2622621	H	11.274608099999998	75.79628709999999	2019-01-13	07:13:00	obsr976397	S51852921	Traveling	P22	EBIRD	240.0	2.3		8	1	G3755419	0	0	0			Was found resting on top of a tree and photos were taken for iddentification	
897	URN:CornellLabOfOrnithology:EBIRD:OBS695821866	2019-01-16 04:43:14.0	5995	species	Barred Buttonquail	Turnix suscitator			2				India	IN	Kerala	IN-KL	Kozhikode	IN-KL-KZ					Ponkunnu Hill, Kakkur	L4054835	H	11.404501	75.819281	2019-01-08	15:03:00	obsr794560	S51461541	Traveling	P22	EBIRD	197.0	3.18		2	1	G3764680	1	0	0		evenings time.  Highlighted birds r lesser coucal non breeding  plumage and barred buttonquail.	photographed	
899	URN:CornellLabOfOrnithology:EBIRD:OBS698189467	2019-01-14 10:19:20.0	9302	species	Black-backed Dwarf-Kingfisher	Ceyx erithaca			1				India	IN	Kerala	IN-KL	Kozhikode	IN-KL-KZ					Sarovaram Biopark, Kottoooli	L2649909	H	11.2687263	75.7927948	2019-01-14	07:11:00	obsr794560	S51660249	Traveling	P22	EBIRD	218.0	10.29		3	1	G3760709	0	0	0		morning	photographed	
925	URN:CornellLabOfOrnithology:EBIRD:OBS693013481	2019-01-03 03:19:06.0	7136	species	Striated Heron	Butorides striata			6				India	IN	Kerala	IN-KL	Kozhikode	IN-KL-KZ					Kadalundy Estuary (Kadalundi Bird Sanctuary)	L2514935	H	11.126526400000001	75.8298497	2019-01-02	14:35:00	obsr837710	S51244160	Traveling	P22	EBIRD	143.0	3.68		9	1	G3715816	0	0	0		on the part of Kadalundi Bird Survey -	single individual from different location 	
932	URN:CornellLabOfOrnithology:EBIRD:OBS694538258	2019-01-31 01:16:44.0	7047	species	Gray Heron	Ardea cinerea			113				India	IN	Kerala	IN-KL	Malappuram	IN-KL-MA					Changaramkulam - Eramangalam Road, Veliancode, Kerala, IN (10.719, 75.99)	L8378627	P	10.7190524	75.9898507	2019-01-06	07:15:00	obsr537301	S51373466	Traveling	P22	EBIRD	231.0	3.46		8	1	G3728777	0	0	0			seen in non cultivated paddy field	
933	URN:CornellLabOfOrnithology:EBIRD:OBS697176307	2019-02-11 05:02:48.0	5932	species	Green Sandpiper	Tringa ochropus			10				India	IN	Kerala	IN-KL	Malappuram	IN-KL-MA					Kole Wetlands--Uppungal (Malappuram)	L8333412	H	10.6949216	76.00050259999999	2019-01-12	07:47:00	obsr794560	S51577765	Traveling	P22	EBIRD	199.0	3.61		3	1	G3750564	0	0	0			different location	
949	URN:CornellLabOfOrnithology:EBIRD:OBS702409531	2019-01-24 21:42:35.0	3245	species	Gray-bellied Cuckoo	Cacomantis passerinus			1				India	IN	Kerala	IN-KL	Malappuram	IN-KL-MA					Kakkadampoyil--Nilambur Bypass Forest Patch	L5260790	H	11.317148399999999	76.1242408	2019-01-20	15:54:00	obsr971739	S51915663	Traveling	P22	EBIRD	154.0	2.88		10	1	G3783466	0	0	0			one juvenile bird was there	
954	URN:CornellLabOfOrnithology:EBIRD:OBS701349081	2019-01-22 13:07:23.0	7488	species	Rufous-bellied Eagle	Lophotriorchis kienerii			1				India	IN	Kerala	IN-KL	Malappuram	IN-KL-MA					IN (11.292, 76.129)	L8466712	P	11.292409699999999	76.1293165	2019-01-20	10:47:00	obsr1107023	S51921965	Traveling	P22	EBIRD_IND	15.0	0.26		8	1	G3782743	0	0	0		98,17,4 	Seen hovering, photo taken	
962	URN:CornellLabOfOrnithology:EBIRD:OBS704915116	2019-01-31 13:38:43.0	4054	spuh	swift sp.	Apodidae sp.			22				India	IN	Kerala	IN-KL	Malappuram	IN-KL-MA					Kakkadampoyil--Nilambur Bypass Forest Patch	L5260790	H	11.317148399999999	76.1242408	2019-01-20	12:30:00	obsr553448	S52221336	Traveling	P22	EBIRD	30.0	1.0		4	1	G3815815	0	0	0			large numbers where there	
967	URN:CornellLabOfOrnithology:EBIRD:OBS695767397	2019-01-31 01:11:21.0	23902	species	Sykes's Warbler	Iduna rama			1				India	IN	Kerala	IN-KL	Malappuram	IN-KL-MA					Kole Wetlands--Uppungal (Malappuram)	L8333412	H	10.6949216	76.00050259999999	2019-01-06	06:40:00	obsr1196810	S51456842	Traveling	P22	EBIRD	264.0	3.364		8	1	G3728868	0	0	0			Picture taken	
975	URN:CornellLabOfOrnithology:EBIRD:OBS704724398	2019-02-03 12:16:55.0	28668	species	Thick-billed Flowerpecker	Dicaeum agile			2				India	IN	Kerala	IN-KL	Malappuram	IN-KL-MA					odakkayam	L8518060	P	11.2721913	76.14159740000001	2019-01-20	07:00:00	obsr593874	S52205412	Traveling	P22	EBIRD	25.0	0.5		4	1	G3813527	0	0	0			seen	
980	URN:CornellLabOfOrnithology:EBIRD:OBS705058315	2019-01-31 13:40:02.0	7577	species	White-eyed Buzzard	Butastur teesa			1				India	IN	Kerala	IN-KL	Malappuram	IN-KL-MA					vendekumpoil	L8528358	P	11.331268099999999	76.1253127	2019-01-20	17:00:00	obsr580736	S52235256	Traveling	P22	EBIRD	60.0	1.0		4	1	G3815814	0	0	0			sure...	
983	URN:CornellLabOfOrnithology:EBIRD:OBS697177381	2019-01-12 05:32:23.0	6827	species	White Stork	Ciconia ciconia			1				India	IN	Kerala	IN-KL	Malappuram	IN-KL-MA					Kole Wetlands--Uppungal (Malappuram)	L8333412	H	10.6949216	76.00050259999999	2019-01-12	15:00:00	obsr993006	S51577815	Traveling	P22	EBIRD	90.0	0.73		3	1	G3750529	0	0	0			photographed	
986	URN:CornellLabOfOrnithology:EBIRD:OBS703332014	2019-01-27 02:54:37.0	19444	species	Ashy Drongo	Dicrurus leucophaeus			5				India	IN	Kerala	IN-KL	Pathanamthitta	IN-KL-PT					Periyar Tiger Reserve--Meenar	L8096278	H	9.427	77.183	2019-01-25	16:44:00	obsr794560	S52084019	Traveling	P22	EBIRD	15.0	0.25		2	1	G3801705	0	0	0			Photographed	
989	URN:CornellLabOfOrnithology:EBIRD:OBS703332558	2019-01-27 03:01:09.0	7309	species	Black-shouldered Kite	Elanus axillaris			1				India	IN	Kerala	IN-KL	Pathanamthitta	IN-KL-PT					Gavi, Pattanamthita County, Kerala, IN	L3878113	H	9.435430300000002	77.1656513	2019-01-26	07:00:00	obsr944547	S52084057	Traveling	P22	EBIRD	15.0	0.15		2	1	G3801716	0	0	0			Photographed	
991	URN:CornellLabOfOrnithology:EBIRD:OBS705479063	2019-02-02 10:56:22.0	27207	species	Black-and-orange Flycatcher	Ficedula nigrorufa			2				India	IN	Kerala	IN-KL	Pathanamthitta	IN-KL-PT					Pandyanthodu  - (9.351, 77.173)	L8529833	P	9.3505046	77.172884	2019-01-26	08:15:00	obsr1181061	S52278061	Traveling	P22	EBIRD	15.0	0.15		4	1	G3816594	1	0	0		Bird Atlas Survey-Periyar Tiger Reserve-Habitat - Semi Evergreen forest-Weather -  Sunny-Observers - Hari Mavelikara, Sudheesh Mohan, and  2 Forest dept. Staff	Male and female birds observed. Photo added	
994	URN:CornellLabOfOrnithology:EBIRD:OBS705336209	2019-02-01 17:49:16.0	7719	species	Besra	Accipiter virgatus			1				India	IN	Kerala	IN-KL	Pathanamthitta	IN-KL-PT					Sundaramala Trench (9.342, 77.218)	L8536914	P	9.342221400000001	77.2175561	2019-01-24	16:25:00	obsr447651	S52264934	Stationary	P21	EBIRD	15.0			2	1	G3819005	0	0	0		Periyar Tiger reserve-Bird Atlas Survey-Habitat - Higher elevation evergreen forests-Weather - cloudy evening-Observers - Hari Mavelikara, Sudheesh Mohan, Dy.R.O. Manoj, Ramdas, Shibu and Sivakumar	Overhead flight observed. Couldn't take photograph	
997	URN:CornellLabOfOrnithology:EBIRD:OBS703990142	2019-02-01 13:14:14.0	7382	species	Black Baza	Aviceda leuphotes			3				India	IN	Kerala	IN-KL	Pathanamthitta	IN-KL-PT					Periyar Tiger Reserve--Meenar	L8096278	H	9.427	77.183	2019-01-26	08:57:00	obsr645356	S52137531	Traveling	P22	EBIRD	15.0	1.0		4	1	G3818219	0	0	0			Yes photo	
1001	URN:CornellLabOfOrnithology:EBIRD:OBS705596457	2019-02-02 02:59:18.0	23289	species	Black Bulbul	Hypsipetes leucocephalus			1				India	IN	Kerala	IN-KL	Pathanamthitta	IN-KL-PT					Periyar Tiger Reserve--Meenar	L8096278	H	9.427	77.183	2019-01-27	07:54:00	obsr1195636	S52287009	Traveling	P22	EBIRD	60.0	1.0		5	1	G3810414	0	0	0			Yes	
1002	URN:CornellLabOfOrnithology:EBIRD:OBS706873007	2019-02-05 01:18:52.0	7511	species	Booted Eagle	Hieraaetus pennatus			3				India	IN	Kerala	IN-KL	Pathanamthitta	IN-KL-PT					Periyar Tiger Reserve--Meenar	L8096278	H	9.427	77.183	2019-01-24	09:15:00	obsr1217531	S52396484	Traveling	P22	EBIRD	15.0	0.2		6	1	G3825276	0	0	0		Sunny, Clear sky--Raju S, Jayachandran E S, Vijayakumar T T, Naren Kawshik, Ajeesh, Sathish	Seen soaring in the sky	
1007	URN:CornellLabOfOrnithology:EBIRD:OBS697658504	2019-01-15 02:22:45.0	23901	species	Booted Warbler	Iduna caligata			1				India	IN	Kerala	IN-KL	Pathanamthitta	IN-KL-PT					Karingali Puncha, Pandalam	L4078824	H	9.216003599999999	76.64775970000001	2019-01-13	07:07:00	obsr447431	S51617367	Traveling	P22	EBIRD_IND	184.0	3.14		6	1	G3759192	0	0	0			Seen	
1011	URN:CornellLabOfOrnithology:EBIRD:OBS702470842	2019-02-03 12:26:01.0	10126	species	Brown-headed Barbet	Psilopogon zeylanicus			1				India	IN	Kerala	IN-KL	Pathanamthitta	IN-KL-PT					Sabarimala 39,28,4 [1]	L8489684	P	9.4398121	77.08202259999999	2019-01-25	09:30:00	obsr551309	S52013727	Traveling	P22	EBIRD_IND	15.0	1.0		4	1	G3802788	0	0	0		Bird Atlas Keral Tri Season birding with Arjun		
1015	URN:CornellLabOfOrnithology:EBIRD:OBS704828446	2019-02-01 17:47:45.0	24094	species	Broad-tailed Grassbird	Schoenicola platyurus			1				India	IN	Kerala	IN-KL	Pathanamthitta	IN-KL-PT					Periyar Tiger Reserve--Kalaradichan	L8096271	H	9.4596944	77.14361109999999	2019-01-26	15:05:00	obsr448981	S52215037	Stationary	P21	EBIRD_IND	15.0			3	1	G3818993	0	0	0		. Though Sabari Janaki and Navraj were with me only I saw the Broadtailed grassbird.	The small, brown bird flew from a 2 feet tall grass and disappeared into another climb of same grass and did not came out in spite of waiting for a long time. The tail was broad from  the rump and rounded at the tip and was visible very clearly through binoculars. The bird was about 30 ft away. Thin black horizontal stripes on tail.	
1017	URN:CornellLabOfOrnithology:EBIRD:OBS705482012	2019-02-01 18:01:26.0	3343	species	Sri Lanka Frogmouth	Batrachostomus moniliger			1				India	IN	Kerala	IN-KL	Pathanamthitta	IN-KL-PT					Periyar Tiger Reserve--Meenar	L8096278	H	9.427	77.183	2019-01-25	17:40:00	obsr1181061	S52278344	Traveling	P22	EBIRD	15.0	1.0		4	1	G3819046	0	0	0			Yes	
1023	URN:CornellLabOfOrnithology:EBIRD:OBS705639755	2019-02-02 08:46:46.0	5929	species	Common Sandpiper	Actitis hypoleucos			1				India	IN	Kerala	IN-KL	Pathanamthitta	IN-KL-PT					Periyar Tiger Reserve--Meenar	L8096278	H	9.427	77.183	2019-01-24	10:50:00	obsr813040	S52290402	Traveling	P22	EBIRD	15.0	1.0		4	1	G3818233	0	0	0			Yes	
1027	URN:CornellLabOfOrnithology:EBIRD:OBS705032445	2019-02-02 11:02:59.0	29400	species	Western Yellow Wagtail	Motacilla flava			2				India	IN	Kerala	IN-KL	Pathanamthitta	IN-KL-PT					Pandyanthodu  (9.348, 77.176)	L8530083	P	9.347872	77.1758694	2019-01-26	10:45:00	obsr447651	S52232735	Traveling	P22	EBIRD	15.0	0.86		4	1	G3816605	0	0	0		Bird Atlas Survey-Periyar Tiger Reserve-Habitat - Semi Evergreen forest-Weather - Sunny-Observers - Hari Mavelikara, Sudheesh Mohan, and  2 Forest dept. Staff	Two birds were feeding in the grassy bed of reservoir	
1030	URN:CornellLabOfOrnithology:EBIRD:OBS705246846	2019-02-01 00:23:58.0	29400	species	Western Yellow Wagtail	Motacilla flava			1				India	IN	Kerala	IN-KL	Pathanamthitta	IN-KL-PT					Pandyanthodu Reservoir Area, Kerala, IN (9.351, 77.173)	L8535436	P	9.3506748	77.172873	2019-01-25	17:20:00	obsr809396	S52257087	Traveling	P22	EBIRD	15.0	0.7		4	1	G3817144	0	0	0		Bird Atlas Survey-Periyar Tiger Reserve-Habitat - Semi Evergreen forest and Dam reservoir-Weather - Sunny-Observers - Hari Mavelikara, Sudheesh Mohan, and  2 Forest dept. Staff	Found the bird in grassland area in dam reservoir	
1033	URN:CornellLabOfOrnithology:EBIRD:OBS703332259	2019-01-27 03:00:51.0	3016	issf	Greater Coucal	Centropus sinensis	Greater Coucal (Southern)	Centropus sinensis parroti	3				India	IN	Kerala	IN-KL	Pathanamthitta	IN-KL-PT					Gavi, Pattanamthita County, Kerala, IN	L3878113	H	9.435430300000002	77.1656513	2019-01-26	08:00:00	obsr944547	S52084037	Traveling	P22	EBIRD	15.0	0.2		2	1	G3801711	0	0	0			Confirmed with experts	
1037	URN:CornellLabOfOrnithology:EBIRD:OBS705639675	2019-02-02 08:46:36.0	5932	species	Green Sandpiper	Tringa ochropus			1				India	IN	Kerala	IN-KL	Pathanamthitta	IN-KL-PT					Periyar Tiger Reserve--Meenar	L8096278	H	9.427	77.183	2019-01-24	12:18:00	obsr813040	S52290395	Traveling	P22	EBIRD	15.0	1.0		4	1	G3818215	0	0	0			Yes	
1046	URN:CornellLabOfOrnithology:EBIRD:OBS706872922	2019-02-05 01:18:27.0	21668	species	Gray-headed Canary-Flycatcher	Culicicapa ceylonensis			12				India	IN	Kerala	IN-KL	Pathanamthitta	IN-KL-PT					meenar towards meenar dam	L8547896	P	9.422899000000001	77.1822596	2019-01-27	08:30:00	obsr1217531	S52396473	Traveling	P22	EBIRD	15.0	0.2		5	1	G3825327	0	0	0		raju, jayachandran, naren, vijayakumar, ajeesh(BO)	Seen busily catching insects  moving with a group of Fulvetta and warblers	
1057	URN:CornellLabOfOrnithology:EBIRD:OBS703998658	2019-02-01 13:14:18.0	3285	species	Large Hawk-Cuckoo	Hierococcyx sparverioides			1				India	IN	Kerala	IN-KL	Pathanamthitta	IN-KL-PT					Periyar Tiger Reserve--Meenar	L8096278	H	9.427	77.183	2019-01-26	07:57:00	obsr645356	S52138270	Traveling	P22	EBIRD	15.0	1.0		4	1	G3818222	0	0	0			Yed	
1065	URN:CornellLabOfOrnithology:EBIRD:OBS705639581	2019-02-02 08:46:13.0	29500	species	Long-billed Pipit	Anthus similis			2				India	IN	Kerala	IN-KL	Pathanamthitta	IN-KL-PT					Periyar Tiger Reserve--Meenar	L8096278	H	9.427	77.183	2019-01-25	17:20:00	obsr813040	S52290383	Traveling	P22	EBIRD	15.0	1.0		4	1	G3818224	0	0	0			Yes	
1069	URN:CornellLabOfOrnithology:EBIRD:OBS706518285	2019-02-04 06:12:54.0	26886	species	Nilgiri Flycatcher	Eumyias albicaudatus			2			Female, Adult (1); Male, Adult (1)	India	IN	Kerala	IN-KL	Pathanamthitta	IN-KL-PT					Meenar to Jungle camp	L8547598	P	9.4252699	77.1831179	2019-01-26	09:45:00	obsr1181061	S52364010	Traveling	P22	EBIRD	15.0	0.2		6	1	G3825299	0	0	0		Sunny, Clear sky--Raju S, Jayachandran E S, Vijayakumar T T, Naren Kawshik, Ajeesh, Sathish	Seen in a thicket along with a group of Brown-cheeked Fulveta	
1072	URN:CornellLabOfOrnithology:EBIRD:OBS705168580	2019-01-31 19:18:06.0	26886	species	Nilgiri Flycatcher	Eumyias albicaudatus			1				India	IN	Kerala	IN-KL	Pathanamthitta	IN-KL-PT					Pandyanthodu (9.348, 77.176)	L8530094	P	9.3479571	77.1764215	2019-01-26	10:30:00	obsr809396	S52250937	Traveling	P22	EBIRD	15.0	0.21		4	1	G3816604	0	0	0		Bird Atlas Survey-Periyar Tiger Reserve-Habitat - Semi Evergreen forest-Weather -  Sunny-Observers - Hari Mavelikara, Sudheesh Mohan, and  2 Forest dept. Staff	Photo takrn	
1073	URN:CornellLabOfOrnithology:EBIRD:OBS706082056	2019-02-04 06:12:51.0	26886	species	Nilgiri Flycatcher	Eumyias albicaudatus			2			Female, Adult (1); Male, Adult (1)	India	IN	Kerala	IN-KL	Pathanamthitta	IN-KL-PT					Meenar to Jungle camp	L8547598	P	9.4252699	77.1831179	2019-01-26	10:00:00	obsr537301	S52326304	Traveling	P22	EBIRD	15.0	0.2		5	1	G3827824	0	0	0		raju, jayachandran, naren, vijayakumar, ajeesh(BO)	Seen along with agroup of Fulvetta	
1091	URN:CornellLabOfOrnithology:EBIRD:OBS707560278	2019-02-07 02:33:07.0	27664	species	Nilgiri Thrush	Zoothera neilgherriensis			1				India	IN	Kerala	IN-KL	Pathanamthitta	IN-KL-PT					38.29.6 gavi- pampa dam road	L8562508	P	9.359845	77.1543325	2019-01-26	06:15:00	obsr1181061	S52454643	Traveling	P22	EBIRD	15.0	0.25		3	1	G3833772	0	0	0			seen	
1098	URN:CornellLabOfOrnithology:EBIRD:OBS703332515	2019-01-27 03:00:51.0	23304	issf	Square-tailed Bulbul	Hypsipetes ganeesa	Square-tailed Bulbul (Indian)	Hypsipetes ganeesa ganeesa	4				India	IN	Kerala	IN-KL	Pathanamthitta	IN-KL-PT					Gavi, Pattanamthita County, Kerala, IN	L3878113	H	9.435430300000002	77.1656513	2019-01-26	09:15:00	obsr794560	S52084052	Traveling	P22	EBIRD	15.0	0.15		2	1	G3801710	0	0	0			Photographed	
1099	URN:CornellLabOfOrnithology:EBIRD:OBS703330360	2019-01-27 02:40:33.0	23304	issf	Square-tailed Bulbul	Hypsipetes ganeesa	Square-tailed Bulbul (Indian)	Hypsipetes ganeesa ganeesa	2				India	IN	Kerala	IN-KL	Pathanamthitta	IN-KL-PT					Periyar Tiger Reserve--Meenar	L8096278	H	9.427	77.183	2019-01-27	07:35:00	obsr794560	S52083911	Traveling	P22	EBIRD	15.0	0.15		2	1	G3801686	0	0	0			Photographed	
1104	URN:CornellLabOfOrnithology:EBIRD:OBS706966397	2019-02-05 11:35:13.0	23660	species	Tytler's Leaf Warbler	Phylloscopus tytleri			1				India	IN	Kerala	IN-KL	Pathanamthitta	IN-KL-PT					38.29.1 (ptr kochupampa)	L8541128	P	9.4096812	77.1293934	2019-01-25	09:00:00	obsr479718	S52404978	Traveling	P22	EBIRD	15.0	0.2		3	1	G3831179	1	0	0			seen	
1107	URN:CornellLabOfOrnithology:EBIRD:OBS703842240	2019-01-28 01:40:58.0	22195	species	Velvet-fronted Nuthatch	Sitta frontalis			8				India	IN	Kerala	IN-KL	Pathanamthitta	IN-KL-PT					Periyar Tiger Reserve--Meenar	L8096278	H	9.427	77.183	2019-01-24	18:00:00	obsr1181061	S52125012	Traveling	P22	EBIRD	15.0	0.25		2	1	G3801708	0	0	0			Identified with experts	
1110	URN:CornellLabOfOrnithology:EBIRD:OBS706069946	2019-02-03 08:18:24.0	26256	species	Wynaad Laughingthrush	Ianthocincla delesserti			15				India	IN	Kerala	IN-KL	Pathanamthitta	IN-KL-PT					meenar towards meenar dam	L8547896	P	9.422899000000001	77.1822596	2019-01-27	09:45:00	obsr509037	S52325361	Traveling	P22	EBIRD	15.0	0.2		5	1	G3824087	0	0	0		raju, jayachandran, naren, vijayakumar, ajeesh(BO)	seen in a reed thicket busily feeding on the ground	
1112	URN:CornellLabOfOrnithology:EBIRD:OBS706872934	2019-02-05 01:18:30.0	26256	species	Wynaad Laughingthrush	Ianthocincla delesserti			35	FY	C4	Male, Adult (33); Male, Juvenile (2)	India	IN	Kerala	IN-KL	Pathanamthitta	IN-KL-PT					meenar towards meenar dam	L8547896	P	9.422899000000001	77.1822596	2019-01-27	08:15:00	obsr1217531	S52396475	Traveling	P22	EBIRD	15.0	0.15		5	1	G3825326	0	0	0		raju, jayachandran, naren, vijayakumar, ajeesh(BO)	Seen in a reed thicket	
1117	URN:CornellLabOfOrnithology:EBIRD:OBS705483311	2019-02-02 11:37:27.0	26256	species	Wynaad Laughingthrush	Ianthocincla delesserti			16				India	IN	Kerala	IN-KL	Pathanamthitta	IN-KL-PT					36,29,6 Subcell - (9.36, 77.154)	L8529615	P	9.3597242	77.15364749999999	2019-01-27	08:42:00	obsr1181061	S52278443	Traveling	P22	EBIRD	15.0	0.38		4	1	G3816628	1	0	0		Bird Atlas Survey-Periyar Tiger Reserve-Subcell ID 36,29,6-Veeds Absent-Waterbody Absent-Fruiting Fig Absent-Habitat - Semi Evergreen forest-Weather - Misty and Sunny-Observers - Hari Mavelikara, Sudheesh Mohan, and  2 Forest dept. Staff	Observed all the members in the team. Photo attached	
1127	URN:CornellLabOfOrnithology:EBIRD:OBS703305275	2019-01-27 00:42:28.0	9657	species	Blue-bearded Bee-eater	Nyctyornis athertoni			2				India	IN	Kerala	IN-KL	Thrissur	IN-KL-TS					Cheerakavu	L6726314	P	10.522746699999999	76.28021	2019-01-27	07:08:00	obsr843084	S52082037	Traveling	P22	EBIRD	182.0	4.828		2	1	G3801525	0	0	0			Resident	
1133	URN:CornellLabOfOrnithology:EBIRD:OBS691903966	2019-01-01 11:58:15.0	26513	species	Brown-breasted Flycatcher	Muscicapa muttui			1				India	IN	Kerala	IN-KL	Thrissur	IN-KL-TS					Kerala Agricultural University--General Area	L3086715	H	10.5479387	76.2845135	2019-01-01	17:04:00	obsr456995	S51146456	Traveling	P22	EBIRD_IND	15.0	0.5479999999999999		4	1	G3703386	0	0	0			Pale coloured leg Observed	
1138	URN:CornellLabOfOrnithology:EBIRD:OBS703826142	2019-02-02 21:46:51.0	9717	species	Chestnut-headed Bee-eater	Merops leschenaulti			47				India	IN	Kerala	IN-KL	Thrissur	IN-KL-TS					Kannamkuzhy	L6961965	H	10.292210899999999	76.54345390000002	2019-01-27	17:35:00	obsr603959	S52123979	Traveling	P22	EBIRD_IND	40.0	0.82		5	1	G3806017	0	0	0			Photographed	
1142	URN:CornellLabOfOrnithology:EBIRD:OBS694583382	2019-01-15 13:17:19.0	6056	species	Collared Pratincole	Glareola pratincola			10				India	IN	Kerala	IN-KL	Thrissur	IN-KL-TS					Kole Wetlands--Alapad	L3324933	H	10.4475042	76.1653183	2019-01-06	14:40:00	obsr535918	S51377113	Traveling	P22	EBIRD	282.0	5.99		5	1	G3729848	1	0	0			Photographed the birds	
1149	URN:CornellLabOfOrnithology:EBIRD:OBS694504383	2019-02-02 21:58:13.0	5898	species	Common Snipe	Gallinago gallinago			11				India	IN	Kerala	IN-KL	Thrissur	IN-KL-TS					Kole Wetlands--Alapad	L3324933	H	10.4475042	76.1653183	2019-01-06	06:44:00	obsr991224	S51371177	Traveling	P22	EBIRD_IND	304.0	3.8510000000000004		8	1	G3728849	1	0	0			Counted individually	
1161	URN:CornellLabOfOrnithology:EBIRD:OBS692990387	2019-01-03 09:39:37.0	4055	species	Crested Treeswift	Hemiprocne coronata			1				India	IN	Kerala	IN-KL	Thrissur	IN-KL-TS					Kerala Agricultural UniversityBotanical Garden	L8166754	H	10.548971	76.286574	2019-01-03	10:09:00	obsr991645	S51242514	Stationary	P21	EBIRD_IND	15.0			2	1	G3715621	0	0	0			Long tail and body	
1165	URN:CornellLabOfOrnithology:EBIRD:OBS691906702	2019-01-01 11:59:36.0	28094	species	Indian Blackbird	Turdus simillimus			3				India	IN	Kerala	IN-KL	Thrissur	IN-KL-TS					Kerala Agricultural UniversityBotanical Garden	L8166754	H	10.548971	76.286574	2019-01-01	17:20:00	obsr484000	S51146652	Traveling	P22	EBIRD_IND	15.0	0.209		4	1	G3703400	0	0	0			Early reports 	
1170	URN:CornellLabOfOrnithology:EBIRD:OBS703395194	2019-01-27 09:02:43.0	517	species	Green-winged Teal	Anas crecca			500				India	IN	Kerala	IN-KL	Thrissur	IN-KL-TS					Kole Wetlands--Palakkal	L2517399	H	10.476671699999999	76.2036574	2019-01-26	09:04:00	obsr616706	S52088943	Traveling	P22	EBIRD	88.0	4.571000000000001		2	0	G3802197	0	0	0			More than 500 cotton teal found among  10000 ducks	
1180	URN:CornellLabOfOrnithology:EBIRD:OBS691908769	2019-01-01 12:02:26.0	10955	species	Lesser Yellownape	Picus chlorolophus			2				India	IN	Kerala	IN-KL	Thrissur	IN-KL-TS					Kerala Agricultural UniversityBotanical Garden	L8166754	H	10.548971	76.286574	2019-01-01	17:36:00	obsr456995	S51146865	Traveling	P22	EBIRD_IND	15.0	0.358		4	1	G3703411	1	0	0			Yellow nape observed 	
1202	URN:CornellLabOfOrnithology:EBIRD:OBS702909789	2019-01-27 09:02:43.0	23902	species	Sykes's Warbler	Iduna rama			1				India	IN	Kerala	IN-KL	Thrissur	IN-KL-TS					Kole Wetlands--Pullazhi	L2578259	H	10.5239949	76.1580741	2019-01-26	17:17:00	obsr976072	S52048877	Traveling	P22	EBIRD	95.0	3.927		2	1	G3802196	1	0	0				
1208	URN:CornellLabOfOrnithology:EBIRD:OBS702819702	2019-01-27 09:02:58.0	6827	species	White Stork	Ciconia ciconia			2				India	IN	Kerala	IN-KL	Thrissur	IN-KL-TS					Kole Wetlands--Palakkal	L2517399	H	10.476671699999999	76.2036574	2019-01-26	08:33:00	obsr976072	S52043232	Traveling	P22	EBIRD	21.0	0.386		2	1	G3802199	0	0	0			Confirmed	
1214	URN:CornellLabOfOrnithology:EBIRD:OBS692539324	2019-01-20 12:15:32.0	11367	species	Amur Falcon	Falco amurensis			1				India	IN	Kerala	IN-KL	Thiruvananthapuram	IN-KL-TV					Vellayani - Punchakkari Paddy fields	L2514993	H	8.4481767	76.97931290000001	2019-01-01	07:46:00	obsr558508	S51146209	Traveling	P22	EBIRD_IND	15.0	0.2		2	1	G3735049	1	0	0				
1217	URN:CornellLabOfOrnithology:EBIRD:OBS695250604	2019-01-07 06:47:20.0	23901	species	Booted Warbler	Iduna caligata			1				India	IN	Kerala	IN-KL	Thiruvananthapuram	IN-KL-TV					Vellayani - Punchakkari Paddy fields	L2514993	H	8.4481767	76.97931290000001	2019-01-01	07:24:00	obsr1196810	S51422533	Stationary	P21	EBIRD_IND	21.0			2	1	G3735050	1	0	0				
1219	URN:CornellLabOfOrnithology:EBIRD:OBS696481788	2019-01-10 03:18:05.0	7823	species	Brahminy Kite	Haliastur indus			74				India	IN	Kerala	IN-KL	Thiruvananthapuram	IN-KL-TV					Kadinamkulam lake	L6726163	H	8.6122011	76.8191099	2019-01-06	07:18:00	obsr1196810	S51515913	Traveling	P22	EBIRD_IND	240.0	5.0		5	1	G3744637	0	0	0		Asian Waterbird Census 2019--Observers: Vidya Chandra, Harikrishnan, Arun, Subin and Govind Girija	Usual, not rare numbers	
1227	URN:CornellLabOfOrnithology:EBIRD:OBS695250686	2019-01-20 12:23:53.0	3311	species	Common Cuckoo	Cuculus canorus			2				India	IN	Kerala	IN-KL	Thiruvananthapuram	IN-KL-TV					Vellayani - Punchakkari Paddy fields	L2514993	H	8.4481767	76.97931290000001	2019-01-01	09:12:00	obsr1196810	S51422538	Traveling	P22	EBIRD_IND	16.0	0.32		2	1	G3735055	1	0	0			Photographed	
1231	URN:CornellLabOfOrnithology:EBIRD:OBS696210351	2019-01-25 07:22:54.0	3311	species	Common Cuckoo	Cuculus canorus			1				India	IN	Kerala	IN-KL	Thiruvananthapuram	IN-KL-TV					Vellayani - Punchakkari Paddy fields	L2514993	H	8.4481767	76.97931290000001	2019-01-08	16:16:00	obsr558508	S51493017	Traveling	P22	EBIRD_IND	26.0	0.23		2	1	G3794126	0	0	0			Seen the bird so close, just a meter apart.	
1234	URN:CornellLabOfOrnithology:EBIRD:OBS703251641	2019-01-26 20:56:55.0	29404	issf	Western Yellow Wagtail	Motacilla flava	Western Yellow Wagtail (thunbergi)	Motacilla flava thunbergi	22				India	IN	Kerala	IN-KL	Thiruvananthapuram	IN-KL-TV					Vellayani - Punchakkari Paddy fields	L2514993	H	8.4481767	76.97931290000001	2019-01-26	07:30:00	obsr1178799	S52077998	Traveling	P22	EBIRD	135.0	2.0		2	1	G3800590	0	0	0		ARUN C.G. AND KASIM KANNUR	found  more numbers than last week	
1238	URN:CornellLabOfOrnithology:EBIRD:OBS702487522	2019-01-25 05:53:16.0	29396	species	Gray Wagtail	Motacilla cinerea			11				India	IN	Kerala	IN-KL	Thiruvananthapuram	IN-KL-TV					Vellayani - Punchakkari Paddy fields	L2514993	H	8.4481767	76.97931290000001	2019-01-25	06:40:00	obsr558508	S52014558	Traveling	P22	EBIRD	46.0	1.01		3	1	G3794085	0	0	0			Whitish upperparts with yellow vent.. some seen with white belly, no yellow seen on upperbody thus confirmimg as Grey Wagtails	
1241	URN:CornellLabOfOrnithology:EBIRD:OBS691932255	2019-01-20 12:40:05.0	5614	species	Gray-headed Lapwing	Vanellus cinereus			7				India	IN	Kerala	IN-KL	Thiruvananthapuram	IN-KL-TV					Vellayani - Punchakkari Paddy fields	L2514993	H	8.4481767	76.97931290000001	2019-01-01	10:28:00	obsr558508	S51149410	Traveling	P22	EBIRD_IND	20.0	0.65		2	1	G3735059	1	0	0				
1242	URN:CornellLabOfOrnithology:EBIRD:OBS702479989	2019-01-25 04:47:43.0	5614	species	Gray-headed Lapwing	Vanellus cinereus			3				India	IN	Kerala	IN-KL	Thiruvananthapuram	IN-KL-TV					Vellayani - Punchakkari Paddy fields	L2514993	H	8.4481767	76.97931290000001	2019-01-25	09:02:00	obsr457730	S52014135	Traveling	P22	EBIRD_IND	74.0	1.58		2	1	G3794073	0	0	0			Seen on flight	
1243	URN:CornellLabOfOrnithology:EBIRD:OBS691931354	2019-01-20 12:28:56.0	5614	species	Gray-headed Lapwing	Vanellus cinereus			5				India	IN	Kerala	IN-KL	Thiruvananthapuram	IN-KL-TV					Vellayani - Punchakkari Paddy fields	L2514993	H	8.4481767	76.97931290000001	2019-01-01	10:48:00	obsr558508	S51149315	Traveling	P22	EBIRD_IND	15.0	0.29		2	1	G3735060	0	0	0			five flew from the other side	
1247	URN:CornellLabOfOrnithology:EBIRD:OBS695250912	2019-01-07 06:47:45.0	5614	species	Gray-headed Lapwing	Vanellus cinereus			6				India	IN	Kerala	IN-KL	Thiruvananthapuram	IN-KL-TV					Vellayani - Punchakkari Paddy fields	L2514993	H	8.4481767	76.97931290000001	2019-01-03	17:04:00	obsr1196810	S51422548	Traveling	P22	EBIRD_IND	15.0	0.3		2	1	G3735065	0	0	0			Yellow beak, grey head and u shaded black curve on breast	
1259	URN:CornellLabOfOrnithology:EBIRD:OBS694513615	2019-01-10 00:22:06.0	5322	species	White-breasted Waterhen	Amaurornis phoenicurus			20				India	IN	Kerala	IN-KL	Thiruvananthapuram	IN-KL-TV					kannamoola	L5208042	H	8.501878	76.92786159999999	2019-01-06	07:07:00	obsr460466	S51371689	Traveling	P22	EBIRD_IND	135.0	1.5		4	1	G3744494	0	0	0		AWC 2019, 	Not unusual count for the site.	
